,estimate,true_parameter,ci_low,ci_high,ci_width,empirical_coverage,desired_coverage,noise,technique,model,iteration,test_error,rectifier,relative_bias
0,29360.89706264763,333.94757535464237,0.0,63647.86289700897,68573.93166872268,1,0.95,0.3,ppi,xgboost,0,63882.37032759201,9633.352233690259,86.92067746402181
1,38982.324378674704,333.94757535464237,37787.54034135689,40177.108415992516,2389.568074635623,0,0.95,0.3,naive,xgboost,0,63882.37032759201,9633.352233690259,115.73186827985391
2,24076.17729969597,333.94757535464237,0.0,48651.118320253314,49149.88204111469,1,0.95,0.3,classical,xgboost,0,63882.37032759201,9633.352233690259,71.09567931172367
3,25051.330255176632,333.94757535464237,7980.569613274998,42122.09089707826,34141.52128380326,0,0.95,0.3,ppi_pp,xgboost,0,63882.37032759201,9633.352233690259,74.01575727439514
4,28916.94865699771,333.94757535464237,0.0,3880172054.3638997,7760286274.830485,1,0.95,0.3,ratio,xgboost,0,63882.37032759201,9633.352233690259,85.59128195881875
5,49078.987501735515,333.94757535464237,17540.48045229744,80617.49455117359,63077.01409887614,0,0.95,0.3,ppi,xgboost,1,56246.037514483054,-9682.9810685568,145.96614416084648
6,39386.06171424322,333.94757535464237,38252.77675925336,40519.34666923308,2266.5699099797203,0,0.95,0.3,naive,xgboost,1,56246.037514483054,-9682.9810685568,116.94085245990001
7,26955.16304487516,333.94757535464237,0.0,73409.7383196332,92909.15054951607,1,0.95,0.3,classical,xgboost,1,56246.037514483054,-9682.9810685568,79.71675027509806
8,29604.676636481156,333.94757535464237,0.0,64993.47070561462,70777.58813826693,1,0.95,0.3,ppi_pp,xgboost,1,56246.037514483054,-9682.9810685568,87.65067100739351
9,39640.7279650806,333.94757535464237,0.0,13865036131.586224,27729992981.71652,1,0.95,0.3,ratio,xgboost,1,56246.037514483054,-9682.9810685568,117.7034459614906
10,100654.80042037283,333.94757535464237,0.0,202244.01088787426,203178.42093500285,1,0.95,0.3,ppi,xgboost,2,52154.48215304752,-59869.1970968392,300.4089870647524
11,40837.8672739642,333.94757535464237,39368.32361312222,42307.410934806176,2939.0873216839536,0,0.95,0.3,naive,xgboost,2,52154.48215304752,-59869.1970968392,121.28825806145052
12,106167.80531217123,333.94757535464237,0.0,318781.1173471551,425226.6240699678,1,0.95,0.3,classical,xgboost,2,52154.48215304752,-59869.1970968392,316.91758092396447
13,100654.80042037283,333.94757535464237,0.0,202244.01088787426,203178.42093500285,1,0.95,0.3,ppi_pp,xgboost,2,52154.48215304752,-59869.1970968392,300.4089870647524
14,112817.42320352088,333.94757535464237,0.0,290431588975.985,580862952317.1235,1,0.95,0.3,ratio,xgboost,2,52154.48215304752,-59869.1970968392,336.8297419399202
15,29556.256218749448,333.94757535464237,22500.248159216135,36612.26427828276,14112.016119066626,0,0.95,0.3,ppi,xgboost,3,54722.42458543114,8293.43158931701,87.50567693854816
16,37827.27640475714,333.94757535464237,36823.72984563323,38830.82296388105,2007.0931182478234,0,0.95,0.3,naive,xgboost,3,54722.42458543114,8293.43158931701,112.27309792438439
17,9813.022268104865,333.94757535464237,0.0,23009.76436496067,26393.484193711607,1,0.95,0.3,classical,xgboost,3,54722.42458543114,8293.43158931701,28.384918449201876
18,11085.082550079205,333.94757535464237,1355.2241085801616,20814.94099157825,19459.716882998087,0,0.95,0.3,ppi_pp,xgboost,3,54722.42458543114,8293.43158931701,32.194080053754476
19,12173.8141908535,333.94757535464237,0.0,1118924955.8315525,2237825564.0347233,1,0.95,0.3,ratio,xgboost,3,54722.42458543114,8293.43158931701,35.45426734398437
20,32322.166330611304,333.94757535464237,18504.52305071563,46139.80961050698,27635.286559791348,0,0.95,0.3,ppi,xgboost,4,54572.3687026632,5040.802712000395,95.78814495444719
21,37366.26167767832,333.94757535464237,36341.237491874694,38391.28586348194,2050.0483716072486,0,0.95,0.3,naive,xgboost,4,54572.3687026632,5040.802712000395,110.89259762702711
22,41482.055510961036,333.94757535464237,3583.9713191392293,79380.13970278285,75796.16838364361,0,0.95,0.3,classical,xgboost,4,54572.3687026632,5040.802712000395,123.21726813530037
23,37067.18279680301,333.94757535464237,17303.49828785113,56830.867305754895,39527.369017903766,0,0.95,0.3,ppi_pp,xgboost,4,54572.3687026632,5040.802712000395,109.99701130465992
24,36042.58609680165,333.94757535464237,0.0,9227817255.700306,18455562426.228416,1,0.95,0.3,ratio,xgboost,4,54572.3687026632,5040.802712000395,106.9288749395036
25,58938.420004495245,333.94757535464237,0.0,120694.03885923684,123511.23770948319,1,0.95,0.3,ppi,xgboost,5,55810.05539226169,-20858.41278090267,175.49003722187354
26,38114.056308453146,333.94757535464237,37038.91939178506,39189.193225121235,2150.2738333361776,0,0.95,0.3,naive,xgboost,5,55810.05539226169,-20858.41278090267,113.13185518109289
27,80675.41238417415,333.94757535464237,0.0,199855.77924629152,238360.73372423474,1,0.95,0.3,classical,xgboost,5,55810.05539226169,-20858.41278090267,240.58106941935205
28,58938.420004495245,333.94757535464237,0.0,120694.03885923684,123511.23770948319,1,0.95,0.3,ppi_pp,xgboost,5,55810.05539226169,-20858.41278090267,175.49003722187354
29,60838.154045274125,333.94757535464237,0.0,91258326816.85214,182516531957.39618,1,0.95,0.3,ratio,xgboost,5,55810.05539226169,-20858.41278090267,181.17875659275506
30,3259.7008024264505,333.94757535464237,0.0,41101.362373831835,75683.32314281077,1,0.95,0.3,ppi,xgboost,6,56541.239636072096,36678.151335947885,8.76111534561898
31,39923.181816645956,333.94757535464237,38719.82253537657,41126.541097915346,2406.718562538779,0,0.95,0.3,naive,xgboost,6,56541.239636072096,36678.151335947885,118.54924893300611
32,21585.279656178587,333.94757535464237,2342.421271412735,40828.13804094444,38485.716769531704,0,0.95,0.3,classical,xgboost,6,56541.239636072096,36678.151335947885,63.636731179304604
33,18521.332894088533,333.94757535464237,5409.406415617559,31633.259372559507,26223.852956941948,0,0.95,0.3,ppi_pp,xgboost,6,56541.239636072096,36678.151335947885,54.46179778194056
34,18187.793656431804,333.94757535464237,0.0,2379059296.2894173,4758082216.991522,1,0.95,0.3,ratio,xgboost,6,56541.239636072096,36678.151335947885,53.4630205418228
35,20369.061485061284,333.94757535464237,0.0,44091.13401783288,47444.1450655432,1,0.95,0.3,ppi,xgboost,7,61629.25994268757,20813.0990981735,59.99478776999638
36,41183.37220606932,333.94757535464237,39976.70921468564,42390.035197453,2413.325982767361,0,0.95,0.3,naive,xgboost,7,61629.25994268757,20813.0990981735,122.3228663580917
37,42697.9007492386,333.94757535464237,0.0,93086.30676174207,100776.81202500695,1,0.95,0.3,classical,xgboost,7,61629.25994268757,20813.0990981735,126.85809480393652
38,20369.061485061284,333.94757535464237,0.0,44091.13401783288,47444.1450655432,1,0.95,0.3,ppi_pp,xgboost,7,61629.25994268757,20813.0990981735,59.99478776999638
39,31939.17320732981,333.94757535464237,0.0,16312663111.444859,32625262344.5433,1,0.95,0.3,ratio,xgboost,7,61629.25994268757,20813.0990981735,94.64127894449109
40,34057.26715027547,333.94757535464237,14933.064725691947,53181.46957485899,38248.40484916704,0,0.95,0.3,ppi,xgboost,8,59579.81639898793,7837.279398928025,100.98387310974684
41,41887.2479795712,333.94757535464237,40632.1715195877,43142.3244395547,2510.152919967004,0,0.95,0.3,naive,xgboost,8,59579.81639898793,7837.279398928025,124.43060968503272
42,32764.03593920674,333.94757535464237,0.0,77610.34172203054,89692.6115656476,1,0.95,0.3,classical,xgboost,8,59579.81639898793,7837.279398928025,97.11131553930976
43,33189.973873691786,333.94757535464237,4368.876838624285,62011.070908759284,57642.194070134996,0,0.95,0.3,ppi_pp,xgboost,8,59579.81639898793,7837.279398928025,98.38677901297838
44,28546.302328192243,333.94757535464237,0.0,12921623524.058195,25843189955.511734,1,0.95,0.3,ratio,xgboost,8,59579.81639898793,7837.279398928025,84.48138820255521
45,85092.56763044743,333.94757535464237,19870.10114277438,150315.0341181205,130444.93297534612,0,0.95,0.3,ppi,xgboost,9,59170.07554706123,-45704.96556589169,253.80816125130318
46,39421.969254915064,333.94757535464237,38283.308766308895,40560.62974352123,2277.3209772123373,0,0.95,0.3,naive,xgboost,9,59170.07554706123,-45704.96556589169,117.04837694374666
47,82380.9572040753,333.94757535464237,0.0,200541.82343653042,236321.73246491025,1,0.95,0.3,classical,xgboost,9,59170.07554706123,-45704.96556589169,245.6882926656652
48,85092.56763044743,333.94757535464237,19870.10114277438,150315.0341181205,130444.93297534612,0,0.95,0.3,ppi_pp,xgboost,9,59170.07554706123,-45704.96556589169,253.80816125130318
49,85406.54565262121,333.94757535464237,0.0,89703734180.58075,179407297548.0702,1,0.95,0.3,ratio,xgboost,9,59170.07554706123,-45704.96556589169,254.74836278395495
50,45974.949452503264,333.94757535464237,21092.604895078093,70857.29400992843,49764.689114850335,0,0.95,0.3,ppi,xgboost,10,57948.19052288247,-7147.352412468015,136.67115812617965
51,38811.9788510586,333.94757535464237,37652.562459908884,39971.39524220832,2318.8327822994324,0,0.95,0.3,naive,xgboost,10,57948.19052288247,-7147.352412468015,115.22177166533231
52,19289.242630249086,333.94757535464237,0.0,54059.254355711346,69540.02345092452,1,0.95,0.3,classical,xgboost,10,57948.19052288247,-7147.352412468015,56.76128965681061
53,21300.276716146243,333.94757535464237,0.0,47917.431281336,53234.30913037951,1,0.95,0.3,ppi_pp,xgboost,10,57948.19052288247,-7147.352412468015,62.783295008283815
54,35669.41590768053,333.94757535464237,0.0,7767378080.1481285,15534684821.464441,1,0.95,0.3,ratio,xgboost,10,57948.19052288247,-7147.352412468015,105.81142352897957
55,124293.79621912687,333.94757535464237,0.0,311274.05961164576,373960.52678503783,1,0.95,0.3,ppi,xgboost,11,58057.29138304098,-86083.9462843704,371.1955342455491
56,38272.95578970103,333.94757535464237,37214.21007486717,39331.70150453489,2117.491429667716,0,0.95,0.3,naive,xgboost,11,58057.29138304098,-86083.9462843704,113.60767681590828
57,117155.27447040557,333.94757535464237,0.0,369981.5371935584,505652.5254463057,1,0.95,0.3,classical,xgboost,11,58057.29138304098,-86083.9462843704,349.8193594338577
58,124293.79621912687,333.94757535464237,0.0,311274.05961164576,373960.52678503783,1,0.95,0.3,ppi_pp,xgboost,11,58057.29138304098,-86083.9462843704,371.1955342455491
59,121858.10359355835,333.94757535464237,0.0,410683519580.6782,821366795445.1493,1,0.95,0.3,ratio,xgboost,11,58057.29138304098,-86083.9462843704,363.9018965451349
60,136911.9599661329,333.94757535464237,0.0,396269.304494143,518714.68905602023,1,0.95,0.3,ppi,xgboost,12,57316.35396360232,-96281.67607337129,408.9803983326919
61,40739.425345882664,333.94757535464237,39470.06554941422,42008.78514235111,2538.71959293689,0,0.95,0.3,naive,xgboost,12,57316.35396360232,-96281.67607337129,120.99347548075056
62,177166.2417471994,333.94757535464237,0.0,582875.8434661028,811419.2034378068,1,0.95,0.3,classical,xgboost,12,57316.35396360232,-96281.67607337129,529.5211201460413
63,136911.9599661329,333.94757535464237,0.0,396269.304494143,518714.68905602023,1,0.95,0.3,ppi_pp,xgboost,12,57316.35396360232,-96281.67607337129,408.9803983326919
64,127023.1825050214,333.94757535464237,0.0,1057531715412.2804,2115063176778.1958,1,0.95,0.3,ratio,xgboost,12,57316.35396360232,-96281.67607337129,379.3686323223834
65,53720.3485330449,333.94757535464237,0.0,139603.14067346926,171765.5842808487,1,0.95,0.3,ppi,xgboost,13,57755.29481449584,-13191.496201599586,159.8646161781396
66,40590.360809790494,333.94757535464237,39414.439446907396,41766.28217267359,2351.842725766197,0,0.95,0.3,naive,xgboost,13,57755.29481449584,-13191.496201599586,120.54710441207648
67,117475.95874127245,333.94757535464237,0.0,301423.024179085,367894.13087562507,1,0.95,0.3,classical,xgboost,13,57755.29481449584,-13191.496201599586,350.7796427074414
68,53720.3485330449,333.94757535464237,0.0,139603.14067346926,171765.5842808487,1,0.95,0.3,ppi_pp,xgboost,13,57755.29481449584,-13191.496201599586,159.8646161781396
69,74860.77083031781,333.94757535464237,0.0,217394550688.56683,434788951655.592,1,0.95,0.3,ratio,xgboost,13,57755.29481449584,-13191.496201599586,223.16923000808706
70,31999.371716742335,333.94757535464237,18214.696898518316,45784.04653496636,27569.34963644804,0,0.95,0.3,ppi,xgboost,14,57709.23560038118,7941.014590157687,94.82154229675109
71,39912.60737695329,333.94757535464237,38697.63816922906,41127.57658467752,2429.938415448458,0,0.95,0.3,naive,xgboost,14,57709.23560038118,7941.014590157687,118.51758396379219
72,5188.944943533718,333.94757535464237,778.3086956701427,9599.581191397294,8821.272495727151,0,0.95,0.3,classical,xgboost,14,57709.23560038118,7941.014590157687,14.53820218045666
73,5188.944943533718,333.94757535464237,1769.2196503597747,8608.670236707661,6839.450586347886,0,0.95,0.3,ppi_pp,xgboost,14,57709.23560038118,7941.014590157687,14.53820218045666
74,8477.706370021473,333.94757535464237,0.0,124995601.07192579,249974246.73111153,1,0.95,0.3,ratio,xgboost,14,57709.23560038118,7941.014590157687,24.38633904144506
75,40269.676537227555,333.94757535464237,24155.408240503915,56383.944833951195,32228.53659344728,0,0.95,0.3,ppi,xgboost,15,53530.30505482427,-1283.2592494517503,119.586821133414
76,38978.76487985351,333.94757535464237,37759.538698416865,40197.99106129015,2438.452362873286,0,0.95,0.3,naive,xgboost,15,53530.30505482427,-1283.2592494517503,115.72120942474047
77,29413.254976990815,333.94757535464237,7729.570899125531,51096.9390548561,43367.36815573057,0,0.95,0.3,classical,xgboost,15,53530.30505482427,-1283.2592494517503,87.07746229555586
78,30280.692741128605,333.94757535464237,14136.509956747252,46424.87552550996,32288.36556876271,0,0.95,0.3,ppi_pp,xgboost,15,53530.30505482427,-1283.2592494517503,89.67498905770287
79,34544.334074845,333.94757535464237,0.0,3020882860.2829895,6041696631.897829,1,0.95,0.3,ratio,xgboost,15,53530.30505482427,-1283.2592494517503,102.44238624328968
80,40469.88857157619,333.94757535464237,31089.793230538846,49849.98391261354,18760.190682074695,0,0.95,0.3,ppi,xgboost,16,57496.92562753947,1080.549655160832,120.18635246445008
81,41528.91426431726,333.94757535464237,40211.057737115196,42846.770791519324,2635.7130544041283,0,0.95,0.3,naive,xgboost,16,57496.92562753947,1080.549655160832,123.35758582829892
82,14623.961239614557,333.94757535464237,0.0,29569.557798565387,29891.19311790166,1,0.95,0.3,classical,xgboost,16,57496.92562753947,1080.549655160832,42.79118855432427
83,15209.882685100016,333.94757535464237,3717.698236697759,26702.06713350227,22984.36889680451,0,0.95,0.3,ppi_pp,xgboost,16,57496.92562753947,1080.549655160832,44.545719770378845
84,19790.463922001618,333.94757535464237,0.0,1435143322.819061,2870247064.710278,1,0.95,0.3,ratio,xgboost,16,57496.92562753947,1080.549655160832,58.26218778796263
85,-37764.314001466824,333.94757535464237,0.0,33223.61729995488,141975.8626028434,1,0.95,0.3,ppi,xgboost,17,59907.48894246466,78645.07742645842,-114.08455814168511
86,40872.71454134412,333.94757535464237,39576.898551314815,42168.53053137342,2591.631980058606,0,0.95,0.3,naive,xgboost,17,59907.48894246466,78645.07742645842,121.39260757602001
87,30811.60998198884,333.94757535464237,3972.8944396277802,57650.3255243499,53677.43108472212,0,0.95,0.3,classical,xgboost,17,59907.48894246466,78645.07742645842,91.26481117363355
88,20092.831288249785,333.94757535464237,0.0,41508.829963556695,42831.99735061382,1,0.95,0.3,ppi_pp,xgboost,17,59907.48894246466,78645.07742645842,59.1676214205532
89,18923.428923763215,333.94757535464237,0.0,4627943068.806374,9255848290.7549,1,0.95,0.3,ratio,xgboost,17,59907.48894246466,78645.07742645842,55.66586710104751
90,29535.382275839835,333.94757535464237,15500.74239813636,43570.02215354331,28069.279755406948,0,0.95,0.3,ppi,xgboost,18,58929.13128537667,10740.388819516153,87.44317029244527
91,40259.11666386052,333.94757535464237,38965.75398059109,41552.47934712995,2586.725366538856,0,0.95,0.3,naive,xgboost,18,58929.13128537667,10740.388819516153,119.55519978279986
92,19441.077294528037,333.94757535464237,0.0,39175.055851681514,39467.957114306955,1,0.95,0.3,classical,xgboost,18,58929.13128537667,10740.388819516153,57.21595582444996
93,20081.16015488498,333.94757535464237,5310.234050073306,34852.086259696654,29541.85220962335,0,0.95,0.3,ppi_pp,xgboost,18,58929.13128537667,10740.388819516153,59.13267242188953
94,20236.650186424486,333.94757535464237,0.0,2502047746.7782745,5004055020.256176,1,0.95,0.3,ratio,xgboost,18,58929.13128537667,10740.388819516153,59.598284520957414
95,51405.15403015077,333.94757535464237,23621.763721508796,79188.54433879274,55566.78061728394,0,0.95,0.3,ppi,xgboost,19,57663.073312933,-13572.046389052746,152.9318079359014
96,37829.80905953829,333.94757535464237,36714.81959391669,38944.79852515989,2229.9789312431967,0,0.95,0.3,naive,xgboost,19,57663.073312933,-13572.046389052746,112.2806819135134
97,33706.58210987794,333.94757535464237,0.0,88638.2676147478,109863.37100973973,1,0.95,0.3,classical,xgboost,19,57663.073312933,-13572.046389052746,99.93375307211785
98,41070.77827659515,333.94757535464237,4752.155801351131,77389.40075183916,72637.24495048804,0,0.95,0.3,ppi_pp,xgboost,19,57663.073312933,-13572.046389052746,121.9857058640992
99,45768.794387670634,333.94757535464237,0.0,19386957207.541542,38773822877.49431,1,0.95,0.3,ratio,xgboost,19,57663.073312933,-13572.046389052746,136.0538304973933
100,49457.10832255561,333.94757535464237,33091.204497482584,65823.01214762863,32731.807650146045,0,0.95,0.3,ppi,xgboost,20,54761.51883136686,-9686.701905270449,147.09842014883213
101,39764.02939623477,333.94757535464237,38537.61346047224,40990.4453319973,2452.8318715250643,0,0.95,0.3,naive,xgboost,20,54761.51883136686,-9686.701905270449,118.07266987642164
102,31792.753083248965,333.94757535464237,0.0,69504.39572961576,75423.28529273358,1,0.95,0.3,classical,xgboost,20,54761.51883136686,-9686.701905270449,94.20282651995903
103,35878.13417440336,333.94757535464237,10019.317818833119,61736.950529973605,51717.63271114048,0,0.95,0.3,ppi_pp,xgboost,20,54761.51883136686,-9686.701905270449,106.43642661966284
104,44367.611121654474,333.94757535464237,0.0,9137255836.619549,18274422938.016853,1,0.95,0.3,ratio,xgboost,20,54761.51883136686,-9686.701905270449,131.85801244263382
105,47148.808027213,333.94757535464237,35598.73604205957,58698.88001236643,23100.14397030686,0,0.95,0.3,ppi,xgboost,21,59038.59812432859,-7585.6031941365345,140.18625648694223
106,39545.8918962554,333.94757535464237,38385.97963490659,40705.804157604216,2319.8245226976287,0,0.95,0.3,naive,xgboost,21,59038.59812432859,-7585.6031941365345,117.41946106139217
107,17904.720869917783,333.94757535464237,1770.6957474821284,34038.74599235343,32268.050244871305,0,0.95,0.3,classical,xgboost,21,59038.59812432859,-7585.6031941365345,52.61536418075053
108,18471.755037258088,333.94757535464237,6012.56075662028,30930.949317895895,24918.388561275613,0,0.95,0.3,ppi_pp,xgboost,21,59038.59812432859,-7585.6031941365345,54.313337782559536
109,29615.561150738333,333.94757535464237,0.0,1672460712.338256,3344862193.55421,1,0.95,0.3,ratio,xgboost,21,59038.59812432859,-7585.6031941365345,87.68326448930641
110,14456.78588722516,333.94757535464237,0.0,55185.68484201647,81457.79790958262,1,0.95,0.3,ppi,xgboost,22,58787.502219683214,26150.118076976196,42.29058497242414
111,40617.98045315069,333.94757535464237,39389.286950741334,41846.67395556004,2457.387004818709,0,0.95,0.3,naive,xgboost,22,58787.502219683214,26150.118076976196,120.6298109366885
112,54463.59163982068,333.94757535464237,0.0,128416.98576335513,147906.78824706888,1,0.95,0.3,classical,xgboost,22,58787.502219683214,26150.118076976196,162.09024427556324
113,14456.78588722516,333.94757535464237,0.0,55185.68484201647,81457.79790958262,1,0.95,0.3,ppi_pp,xgboost,22,58787.502219683214,26150.118076976196,42.29058497242414
114,37493.36616688147,333.94757535464237,0.0,35138196063.833626,70276317140.93492,1,0.95,0.3,ratio,xgboost,22,58787.502219683214,26150.118076976196,111.27320973079271
115,49223.001322099546,333.94757535464237,33735.320931356946,64710.681712842146,30975.3607814852,0,0.95,0.3,ppi,xgboost,23,57561.4835173221,-8261.10746377549,146.3973909522361
116,40951.810386296704,333.94757535464237,39639.786982919024,42263.83378967438,2624.0468067553593,0,0.95,0.3,naive,xgboost,23,57561.4835173221,-8261.10746377549,121.62945865921351
117,28347.470352111675,333.94757535464237,0.0,61717.48734561582,66740.03398700828,1,0.95,0.3,classical,xgboost,23,57561.4835173221,-8261.10746377549,83.885989431148
118,31638.84155627236,333.94757535464237,7796.090523276904,55481.59258926782,47685.50206599092,0,0.95,0.3,ppi_pp,xgboost,23,57561.4835173221,-8261.10746377549,93.74194122437588
119,35805.25843925349,333.94757535464237,0.0,7154475578.757788,14308879546.998697,1,0.95,0.3,ratio,xgboost,23,57561.4835173221,-8261.10746377549,106.21820154324934
120,29438.198107112166,333.94757535464237,25208.179424111637,33668.216790112696,8460.03736600106,0,0.95,0.3,ppi,xgboost,24,57193.429989749755,8466.621129539442,87.15215404947821
121,37875.89743054988,333.94757535464237,36766.023567727636,38985.77129337212,2219.7477256444836,0,0.95,0.3,naive,xgboost,24,57193.429989749755,8466.621129539442,112.41869271045553
122,1723.6398033829216,333.94757535464237,568.2528388182564,2879.026767947587,2310.7739291293306,0,0.95,0.3,classical,xgboost,24,57193.429989749755,8466.621129539442,4.161408348458489
123,1732.8605127536655,333.94757535464237,837.2368081177468,2628.484217389584,1791.2474092718371,0,0.95,0.3,ppi_pp,xgboost,24,57193.429989749755,8466.621129539442,4.189019596604106
124,2991.7586327616723,333.94757535464237,0.0,8579641.49487444,17153299.472483356,1,0.95,0.3,ratio,xgboost,24,57193.429989749755,8466.621129539442,7.9587673441992015
125,4603.3944063495,333.94757535464237,0.0,9677.135746885824,10147.482681072648,1,0.95,0.5,ppi,xgboost,0,5520.844988987543,-746.4757909060312,12.784781642630083
126,3857.117297847961,333.94757535464237,3733.4291441475602,3980.8054515483614,247.37630740080112,0,0.95,0.5,naive,xgboost,0,5520.844988987543,-746.4757909060312,10.550068281681092
127,4105.470303464015,333.94757535464237,0.0,12551.997084018776,16893.053561109522,1,0.95,0.5,classical,xgboost,0,5520.844988987543,-746.4757909060312,11.293756884158025
128,4443.400656982216,333.94757535464237,0.0,9858.997574307294,10831.193834650156,1,0.95,0.5,ppi_pp,xgboost,0,5520.844988987543,-746.4757909060312,12.305683241638922
129,4591.754607353195,333.94757535464237,0.0,458377672.208362,916746160.9075092,1,0.95,0.5,ratio,xgboost,0,5520.844988987543,-746.4757909060312,12.749926474168554
130,3838.0448862332,333.94757535464237,0.0,11136.721630180924,14597.353487895449,1,0.95,0.5,ppi,xgboost,1,5548.816946938241,-54.338909374202444,10.49295628859503
131,3784.873411650365,333.94757535464237,3676.0865207439624,3893.660302556768,217.57378181280546,0,0.95,0.5,naive,xgboost,1,5548.816946938241,-54.338909374202444,10.33373526557557
132,5244.166900859798,333.94757535464237,0.0,13692.064582591624,16895.79536346365,1,0.95,0.5,classical,xgboost,1,5548.816946938241,-54.338909374202444,14.703563337121551
133,5244.166900859798,333.94757535464237,0.0,11794.126533182083,13099.91926464457,1,0.95,0.5,ppi_pp,xgboost,1,5548.816946938241,-54.338909374202444,14.703563337121551
134,4168.484494151035,333.94757535464237,0.0,458526051.78550524,917043766.6020222,1,0.95,0.5,ratio,xgboost,1,5548.816946938241,-54.338909374202444,11.482451743284043
135,3371.3370926821435,333.94757535464237,1100.2305090859568,5642.44367627833,4542.213167192373,0,0.95,0.5,ppi,xgboost,2,5198.086232240033,502.4162948123966,9.095408206218849
136,3872.0547612829037,333.94757535464237,3745.677828405836,3998.4316941599714,252.7538657541354,0,0.95,0.5,naive,xgboost,2,5198.086232240033,502.4162948123966,10.594798246913147
137,1748.7719967372864,333.94757535464237,0.0,4406.26038448069,5314.976775486807,1,0.95,0.5,classical,xgboost,2,5198.086232240033,502.4162948123966,4.236666248827058
138,1776.684171700133,333.94757535464237,0.0,3834.372076958246,4115.375810516226,1,0.95,0.5,ppi_pp,xgboost,2,5198.086232240033,502.4162948123966,4.3202487540547265
139,2028.3659901088429,333.94757535464237,0.0,45375868.11798245,90747679.50398467,1,0.95,0.5,ratio,xgboost,2,5198.086232240033,502.4162948123966,5.073905426487312
140,2116.0787863239575,333.94757535464237,94.08481466102603,4138.072757986889,4043.987943325863,1,0.95,0.5,ppi,xgboost,3,5856.095493690337,1692.9708701910206,5.336559815045056
141,3807.7322493973156,333.94757535464237,3693.889060101205,3921.5754386934263,227.68637859222144,0,0.95,0.5,naive,xgboost,3,5856.095493690337,1692.9708701910206,10.402185643520895
142,2160.97335231884,333.94757535464237,0.0,5726.980337203212,7132.013969768744,1,0.95,0.5,classical,xgboost,3,5856.095493690337,1692.9708701910206,5.470995784365108
143,2125.298776102073,333.94757535464237,1035.5773657203442,3215.020186483802,2179.4428207634573,0,0.95,0.5,ppi_pp,xgboost,3,5856.095493690337,1692.9708701910206,5.3641689083835065
144,2436.989948727332,333.94757535464237,0.0,81703401.5230002,163401929.06610292,1,0.95,0.5,ratio,xgboost,3,5856.095493690337,1692.9708701910206,6.297522511248423
145,2903.9721442879318,333.94757535464237,1910.2115621701391,3897.7327264057244,1987.5211642355853,0,0.95,0.5,ppi,xgboost,4,5819.896407979067,855.8619314266568,7.695892285500202
146,3757.3412551941005,333.94757535464237,3643.2808545068574,3871.4016558813437,228.1208013744863,0,0.95,0.5,naive,xgboost,4,5819.896407979067,855.8619314266568,10.251290718921723
147,641.3156045840855,333.94757535464237,141.34328196090388,1141.287927207267,999.9446452463633,1,0.95,0.5,classical,xgboost,4,5819.896407979067,855.8619314266568,0.9204080278260066
148,660.4324232555558,333.94757535464237,275.6938311778818,1045.17101533323,769.4771841553481,1,0.95,0.5,ppi_pp,xgboost,4,5819.896407979067,855.8619314266568,0.9776529970436116
149,1069.3905716708146,333.94757535464237,0.0,1607104.6164195398,3212070.451695738,1,0.95,0.5,ratio,xgboost,4,5819.896407979067,855.8619314266568,2.202270807132388
150,11048.711698091272,333.94757535464237,2022.5979770442154,20074.82541913833,18052.227442094118,0,0.95,0.5,ppi,xgboost,5,6257.550718821946,-7076.597475031716,32.08516819251605
151,3979.0579968601137,333.94757535464237,3842.2798200617285,4115.836173658499,273.5563535967708,0,0.95,0.5,naive,xgboost,5,6257.550718821946,-7076.597475031716,10.915217508719662
152,12658.775247553689,333.94757535464237,0.0,25890.323595502592,26463.096695897806,1,0.95,0.5,classical,xgboost,5,6257.550718821946,-7076.597475031716,36.906474494119166
153,11619.06107883047,333.94757535464237,2214.706129829028,21023.41602783191,18808.709898002882,0,0.95,0.5,ppi_pp,xgboost,5,6257.550718821946,-7076.597475031716,33.79306914114101
154,8410.759467311236,333.94757535464237,0.0,1124831217.59038,2249645613.661825,1,0.95,0.5,ratio,xgboost,5,6257.550718821946,-7076.597475031716,24.185867746993704
155,4094.051663560006,333.94757535464237,1397.3153417108315,6790.787985409181,5393.472643698349,0,0.95,0.5,ppi,xgboost,6,5590.61080187399,-433.6277478843663,11.259563972615299
156,3662.4348430235154,333.94757535464237,3553.096791203613,3771.772894843418,218.67610363980475,0,0.95,0.5,naive,xgboost,6,5590.61080187399,-433.6277478843663,9.967095176942424
157,6176.094027867885,333.94757535464237,0.0,12552.363569899935,12752.539084064101,1,0.95,0.5,classical,xgboost,6,5590.61080187399,-433.6277478843663,17.49420233492954
158,4094.051663560006,333.94757535464237,1397.3153417108315,6790.787985409181,5393.472643698349,0,0.95,0.5,ppi_pp,xgboost,6,5590.61080187399,-433.6277478843663,11.259563972615299
159,4784.198969945642,333.94757535464237,0.0,261218595.86215344,522427623.32636696,1,0.95,0.5,ratio,xgboost,6,5590.61080187399,-433.6277478843663,13.326197652026565
160,2794.8368840401636,333.94757535464237,0.0,5806.096148240051,6022.518528399774,1,0.95,0.5,ppi,xgboost,7,5949.380276310808,1292.0629261473669,7.369088714215488
161,4089.7651725681776,333.94757535464237,3961.043164728782,4218.487180407574,257.44401567879186,0,0.95,0.5,naive,xgboost,7,5949.380276310808,1292.0629261473669,11.246728152540017
162,7671.468148376559,333.94757535464237,0.0,17719.75484791919,20096.57339908526,1,0.95,0.5,classical,xgboost,7,5949.380276310808,1292.0629261473669,21.972073207088535
163,2794.8368840401636,333.94757535464237,0.0,5806.096148240051,6022.518528399774,1,0.95,0.5,ppi_pp,xgboost,7,5949.380276310808,1292.0629261473669,7.369088714215488
164,4866.594464637926,333.94757535464237,0.0,648709224.6119416,1297408716.0349538,1,0.95,0.5,ratio,xgboost,7,5949.380276310808,1292.0629261473669,13.572929476938851
165,1345.0444750765987,333.94757535464237,0.0,7996.695395784418,13303.301841415638,1,0.95,0.5,ppi,xgboost,8,5974.408766040565,2535.510832110672,3.0277114563512
166,3880.383389098817,333.94757535464237,3763.035616147952,3997.731162049682,234.69554590172993,0,0.95,0.5,naive,xgboost,8,5974.408766040565,2535.510832110672,10.619738172909223
167,3665.4857785308077,333.94757535464237,0.0,8970.353625625885,10609.735694190156,1,0.95,0.5,classical,xgboost,8,5974.408766040565,2535.510832110672,9.976231148371632
168,3665.4857785308077,333.94757535464237,0.0,7778.541069010379,8226.110580959143,1,0.95,0.5,ppi_pp,xgboost,8,5974.408766040565,2535.510832110672,9.976231148371632
169,2806.1499459499637,333.94757535464237,0.0,180808424.0751724,361611235.8504529,1,0.95,0.5,ratio,xgboost,8,5974.408766040565,2535.510832110672,7.402965474356017
170,553.005353438743,333.94757535464237,0.0,3719.2923625668705,6332.574018256255,1,0.95,0.5,ppi,xgboost,9,6386.831399721202,3292.1201651548545,0.6559645712398654
171,3842.3877069644814,333.94757535464237,3727.305415309276,3957.4699986196865,230.1645833104103,0,0.95,0.5,naive,xgboost,9,6386.831399721202,3292.1201651548545,10.505960787060605
172,420.1231705690228,333.94757535464237,0.0,857.7500218287607,875.2537025194758,1,0.95,0.5,classical,xgboost,9,6386.831399721202,3292.1201651548545,0.258051267846052
173,426.2205209892561,333.94757535464237,162.8742876317924,689.5667543467198,526.6924667149274,1,0.95,0.5,ppi_pp,xgboost,9,6386.831399721202,3292.1201651548545,0.27630967386609295
174,430.15863129385986,333.94757535464237,0.0,1230905.9084502712,2460951.499637955,1,0.95,0.5,ratio,xgboost,9,6386.831399721202,3292.1201651548545,0.2881022742478193
175,4044.113184892186,333.94757535464237,0.0,9326.015974226979,10563.805578669584,1,0.95,0.5,ppi,xgboost,10,5778.994382441912,-233.77447540875346,11.110024097637057
176,3810.369280187309,333.94757535464237,3696.5992809536515,3924.1392794209664,227.53999846731494,0,0.95,0.5,naive,xgboost,10,5778.994382441912,-233.77447540875346,10.410082184728576
177,3848.5826600324713,333.94757535464237,0.0,11240.518467819527,14783.871615574113,1,0.95,0.5,classical,xgboost,10,5778.994382441912,-233.77447540875346,10.524511462451526
178,3925.6570584326228,333.94757535464237,0.0,9313.674917841143,10776.03571881704,1,0.95,0.5,ppi_pp,xgboost,10,5778.994382441912,-233.77447540875346,10.755309360350026
179,3830.8777294285114,333.94757535464237,0.0,351062053.7367969,702116445.718135,1,0.95,0.5,ratio,xgboost,10,5778.994382441912,-233.77447540875346,10.471494366623963
180,6014.209584752378,333.94757535464237,0.0,13684.97147087091,15341.523772237066,1,0.95,0.5,ppi,xgboost,11,5332.800251027707,-2155.08305781866,17.00944228556074
181,3862.341109749985,333.94757535464237,3732.980083620891,3991.7021358790794,258.72205225818834,0,0.95,0.5,naive,xgboost,11,5332.800251027707,-2155.08305781866,10.565710892340793
182,7880.569630084286,333.94757535464237,0.0,16967.198684642728,18173.258109116887,1,0.95,0.5,classical,xgboost,11,5332.800251027707,-2155.08305781866,22.598223828142356
183,7707.379173723884,333.94757535464237,679.7802214755657,14734.978125972204,14055.19790449664,0,0.95,0.5,ppi_pp,xgboost,11,5332.800251027707,-2155.08305781866,22.07960812573314
184,5413.823320525278,333.94757535464237,0.0,530484635.0405054,1060958442.4343698,1,0.95,0.5,ratio,xgboost,11,5332.800251027707,-2155.08305781866,15.211596430295861
185,3665.2215454736015,333.94757535464237,1109.5162603014,6220.926830645803,5111.410570344404,0,0.95,0.5,ppi,xgboost,12,5422.395292995237,-76.3090046396278,9.975439907240666
186,3587.9194617410594,333.94757535464237,3481.4815177371233,3694.3574057449955,212.87588800787216,0,0.95,0.5,naive,xgboost,12,5422.395292995237,-76.3090046396278,9.743960209714942
187,2346.5705955972694,333.94757535464237,0.0,5660.23134343744,6627.321495680341,1,0.95,0.5,classical,xgboost,12,5422.395292995237,-76.3090046396278,6.026763386753988
188,2421.9357731712375,333.94757535464237,0.0,4974.035722462249,5104.199898582024,1,0.95,0.5,ppi_pp,xgboost,12,5422.395292995237,-76.3090046396278,6.2524430536715645
189,2723.7059502699985,333.94757535464237,0.0,70549774.32982922,141094101.24775788,1,0.95,0.5,ratio,xgboost,12,5422.395292995237,-76.3090046396278,7.156088414109623
190,3762.7477620449936,333.94757535464237,2370.876833342196,5154.618690747791,2783.7418574055955,0,0.95,0.5,ppi,xgboost,13,5501.600358577539,-11.24467949923644,10.267480406315476
191,3750.2354950172444,333.94757535464237,3644.069711470702,3856.401278563787,212.33156709308514,0,0.95,0.5,naive,xgboost,13,5501.600358577539,-11.24467949923644,10.230012648046944
192,2165.7510843759455,333.94757535464237,0.0,4806.788406138527,5282.074643525162,1,0.95,0.5,classical,xgboost,13,5501.600358577539,-11.24467949923644,5.485302616963104
193,2403.083037523215,333.94757535464237,502.4115004328164,4303.754574613613,3801.3430741807965,0,0.95,0.5,ppi_pp,xgboost,13,5501.600358577539,-11.24467949923644,6.195988876311535
194,2958.2113465755187,333.94757535464237,0.0,44816766.40391698,89627616.3851408,1,0.95,0.5,ratio,xgboost,13,5501.600358577539,-11.24467949923644,7.858310599901755
195,4774.240253311606,333.94757535464237,1823.8046289222075,7724.675877701004,5900.871248778796,0,0.95,0.5,ppi,xgboost,14,5593.60521868389,-934.3621701145362,13.29637645442254
196,3839.8931860774755,333.94757535464237,3721.6996451751274,3958.0867269798237,236.3870818046962,0,0.95,0.5,naive,xgboost,14,5593.60521868389,-934.3621701145362,10.498490989190815
197,3858.7717865848736,333.94757535464237,170.27245584338243,7547.271117326365,7376.998661482983,1,0.95,0.5,classical,xgboost,14,5593.60521868389,-934.3621701145362,10.555022618406417
198,3925.3004930961547,333.94757535464237,1095.0891554918917,6755.511830700418,5660.422675208526,0,0.95,0.5,ppi_pp,xgboost,14,5593.60521868389,-934.3621701145362,10.754241631871716
199,4086.2392975367047,333.94757535464237,0.0,87414304.3230066,174820436.16741812,1,0.95,0.5,ratio,xgboost,14,5593.60521868389,-934.3621701145362,11.23616998325932
200,4751.018645222496,333.94757535464237,722.0225775146355,8780.014712930357,8057.992135415721,0,0.95,0.5,ppi,xgboost,15,5646.846687683854,-1042.7243796026696,13.226839767221117
201,3709.9570374281366,333.94757535464237,3589.6523682705415,3830.2617065857316,240.60933831519014,0,0.95,0.5,naive,xgboost,15,5646.846687683854,-1042.7243796026696,10.109399532211825
202,5788.42179781556,333.94757535464237,1280.65564896843,10296.18794666269,9015.53229769426,0,0.95,0.5,classical,xgboost,15,5646.846687683854,-1042.7243796026696,16.33332482401895
203,5771.408069758034,333.94757535464237,2277.591304793228,9265.22483472284,6987.6335299296115,0,0.95,0.5,ppi_pp,xgboost,15,5646.846687683854,-1042.7243796026696,16.28237752176811
204,4452.861135788131,333.94757535464237,0.0,130557055.39677288,261105205.0712742,1,0.95,0.5,ratio,xgboost,15,5646.846687683854,-1042.7243796026696,12.33401247503991
205,5819.488872161942,333.94757535464237,659.1882307279202,10979.789513595962,10320.601282868043,0,0.95,0.5,ppi,xgboost,16,5868.736955183813,-2201.5560239460756,16.42635461863084
206,3619.206334266438,333.94757535464237,3511.8622325294623,3726.5504360034133,214.68820347395103,0,0.95,0.5,naive,xgboost,16,5868.736955183813,-2201.5560239460756,9.837648186015272
207,5211.063897481232,333.94757535464237,0.0,12731.431527474586,15040.735259986708,1,0.95,0.5,classical,xgboost,16,5868.736955183813,-2201.5560239460756,14.604436989689887
208,5399.2112574681805,333.94757535464237,0.0,11001.984676695462,11205.546838454562,1,0.95,0.5,ppi_pp,xgboost,16,5868.736955183813,-2201.5560239460756,15.167840870634798
209,4873.626201215468,333.94757535464237,0.0,363368054.83775735,726726362.4231123,1,0.95,0.5,ratio,xgboost,16,5868.736955183813,-2201.5560239460756,13.59398588547865
210,6390.150767219946,333.94757535464237,0.0,17055.091219632664,21329.880904825437,1,0.95,0.5,ppi,xgboost,17,5595.885053518476,-2490.370447054215,18.135191385755075
211,3903.524237062922,333.94757535464237,3780.1430633578225,4026.9054107680217,246.76234741019925,0,0.95,0.5,naive,xgboost,17,5595.885053518476,-2490.370447054215,10.689033025370811
212,8583.42035855324,333.94757535464237,0.0,23945.781229333836,30724.721741561196,1,0.95,0.5,classical,xgboost,17,5595.885053518476,-2490.370447054215,24.702897676193345
213,6390.150767219946,333.94757535464237,0.0,17055.091219632664,21329.880904825437,1,0.95,0.5,ppi_pp,xgboost,17,5595.885053518476,-2490.370447054215,18.135191385755075
214,7022.644582475322,333.94757535464237,0.0,1516284564.943584,3032555084.598003,1,0.95,0.5,ratio,xgboost,17,5595.885053518476,-2490.370447054215,20.029182724316783
215,1532.501504079146,333.94757535464237,0.0,4228.945293561249,5392.887578964206,1,0.95,0.5,ppi,xgboost,18,5224.453206323756,2365.570554324775,3.5890481535961896
216,3895.6522393976493,333.94757535464237,3770.3242052388605,4020.980273556438,250.6560683175776,0,0.95,0.5,naive,xgboost,18,5224.453206323756,2365.570554324775,10.665460470136916
217,870.8784815581744,333.94757535464237,102.15681790273857,1639.6001452136102,1537.4433273108716,1,0.95,0.5,classical,xgboost,18,5224.453206323756,2365.570554324775,1.6078299284949962
218,870.8784815581744,333.94757535464237,274.8608621304571,1466.8961009858917,1192.0352388554347,1,0.95,0.5,ppi_pp,xgboost,18,5224.453206323756,2365.570554324775,1.6078299284949962
219,905.5184616346817,333.94757535464237,0.0,3797572.2095831907,7593333.382243112,1,0.95,0.5,ratio,xgboost,18,5224.453206323756,2365.570554324775,1.711558724967678
220,5515.382068241536,333.94757535464237,1074.6227235231236,9956.141412959949,8881.518689436825,0,0.95,0.5,ppi,xgboost,19,5780.336924904796,-1558.763653953397,15.51571227125804
221,3956.5820248532605,333.94757535464237,3840.264461470663,4072.899588235858,232.6351267651953,0,0.95,0.5,naive,xgboost,19,5780.336924904796,-1558.763653953397,10.84791361533764
222,3911.0952312544223,333.94757535464237,0.0,10859.781802910602,13897.373143312358,1,0.95,0.5,classical,xgboost,19,5780.336924904796,-1558.763653953397,10.711704231123571
223,4455.115919013811,333.94757535464237,0.0,9493.36863020145,10076.505422375278,1,0.95,0.5,ppi_pp,xgboost,19,5780.336924904796,-1558.763653953397,12.340764382800538
224,4609.614287932286,333.94757535464237,0.0,310223486.6947287,620437754.1608815,1,0.95,0.5,ratio,xgboost,19,5780.336924904796,-1558.763653953397,12.8034069660096
225,1067.2335705199657,333.94757535464237,0.0,3670.328288980753,5206.189436921574,1,0.95,0.5,ppi,xgboost,20,6096.765035105772,2902.3039678564974,2.195811706033785
226,3967.618828703667,333.94757535464237,3826.2492509805743,4108.98840642676,282.7391554461856,0,0.95,0.5,naive,xgboost,20,6096.765035105772,2902.3039678564974,10.880963125694725
227,1569.231737709909,333.94757535464237,0.0,3215.458391293271,3292.4533071667233,1,0.95,0.5,classical,xgboost,20,6096.765035105772,2902.3039678564974,3.6990361766916013
228,1558.3111076371647,333.94757535464237,290.081142677499,2826.5410725968304,2536.4599299193314,1,0.95,0.5,ppi_pp,xgboost,20,6096.765035105772,2902.3039678564974,3.666334546619435
229,1285.1248396088963,333.94757535464237,0.0,17413022.616718683,34823474.98375815,1,0.95,0.5,ratio,xgboost,20,6096.765035105772,2902.3039678564974,2.848283187096454
230,2789.5313018457205,333.94757535464237,1217.9128356798087,4361.149768011632,3143.236932331823,0,0.95,0.5,ppi,xgboost,21,5931.156740259115,948.9970037603588,7.3532012438878205
231,3737.679646051214,333.94757535464237,3633.8666197524944,3841.492672349934,207.6260525974394,0,0.95,0.5,naive,xgboost,21,5931.156740259115,948.9970037603588,10.192414384449146
232,2676.855202469805,333.94757535464237,0.0,7127.14761576089,8900.58482658217,1,0.95,0.5,classical,xgboost,21,5931.156740259115,948.9970037603588,7.0157946936044215
233,2786.370013728763,333.94757535464237,1277.5549861462143,4295.185041311312,3017.6300551650975,0,0.95,0.5,ppi_pp,xgboost,21,5931.156740259115,948.9970037603588,7.343734823556424
234,2566.611724660954,333.94757535464237,0.0,127247322.49322349,254489511.76299766,1,0.95,0.5,ratio,xgboost,21,5931.156740259115,948.9970037603588,6.685672584792056
235,4053.263560159985,333.94757535464237,3378.24375664893,4728.28336367104,1350.0396070221104,0,0.95,0.5,ppi,xgboost,22,5403.9176085978115,-121.0788470635573,11.137424731578124
236,3930.821384903444,333.94757535464237,3814.2642603992313,4047.378509407657,233.11424900842576,0,0.95,0.5,naive,xgboost,22,5403.9176085978115,-121.0788470635573,10.770773842957324
237,2226.6611436734356,333.94757535464237,0.0,6703.128845805778,8952.935404264685,1,0.95,0.5,classical,xgboost,22,5403.9176085978115,-121.0788470635573,5.667696692538605
238,3305.9948175266386,333.94757535464237,1533.903586896387,5078.086048156891,3544.1824612605037,0,0.95,0.5,ppi_pp,xgboost,22,5403.9176085978115,-121.0788470635573,8.899741940080776
239,3540.2426406526115,333.94757535464237,0.0,128749527.83514981,257491975.1850183,1,0.95,0.5,ratio,xgboost,22,5403.9176085978115,-121.0788470635573,9.60119282762565
240,2409.748718192639,333.94757535464237,1170.4423171396934,3649.0551192455846,2478.612802105891,0,0.95,0.5,ppi,xgboost,23,5511.722622764344,1328.24361341847,6.215949137027145
241,3736.320729694114,333.94757535464237,3623.895990922233,3848.745468465995,224.84947754376208,0,0.95,0.5,naive,xgboost,23,5511.722622764344,1328.24361341847,10.188345133891907
242,1646.818333450427,333.94757535464237,0.0,3460.981683565027,3628.3267002292005,1,0.95,0.5,classical,xgboost,23,5511.722622764344,1328.24361341847,3.9313678403011463
243,1773.179259640585,333.94757535464237,658.8001810047306,2887.55833827644,2228.758157271709,0,0.95,0.5,ppi_pp,xgboost,23,5511.722622764344,1328.24361341847,4.309753358015915
244,1867.2920878885147,333.94757535464237,0.0,21147250.43998751,42290766.29579924,1,0.95,0.5,ratio,xgboost,23,5511.722622764344,1328.24361341847,4.591572527231277
245,3108.4462575461434,333.94757535464237,1996.2066812211008,4220.685833871186,2224.479152650086,0,0.95,0.5,ppi,xgboost,24,5293.647284552096,834.8274600502921,8.308186335070904
246,3941.725565520217,333.94757535464237,3811.9188606021025,4071.5322704383316,259.61340983622904,0,0.95,0.5,naive,xgboost,24,5293.647284552096,834.8274600502921,10.80342621542984
247,2006.5354702475593,333.94757535464237,0.0,5216.644887644445,6420.218834793771,1,0.95,0.5,classical,xgboost,24,5293.647284552096,834.8274600502921,5.008534327930599
248,2400.9558600118767,333.94757535464237,955.9610030298945,3845.950716993859,2889.9897139639643,0,0.95,0.5,ppi_pp,xgboost,24,5293.647284552096,834.8274600502921,6.189619081564323
249,2552.446993442575,333.94757535464237,0.0,66209333.69079079,132413562.4875947,1,0.95,0.5,ratio,xgboost,24,5293.647284552096,834.8274600502921,6.643256552265584
250,575.9662570000095,333.94757535464237,460.8955006100456,691.0370133899734,230.14151277992778,0,0.95,0.75,ppi,xgboost,0,787.0206913755147,62.148654887564724,0.7247205834279542
251,637.8778409868951,333.94757535464237,618.0211059770421,657.734575996748,39.71347001970594,0,0.95,0.75,naive,xgboost,0,787.0206913755147,62.148654887564724,0.9101137066483799
252,341.5392151380701,333.94757535464237,0.0,785.5647224535162,888.051014630892,1,0.95,0.75,classical,xgboost,0,787.0206913755147,62.148654887564724,0.022733028605959053
253,411.8109135484599,333.94757535464237,195.18304537565405,628.4387817212657,433.2557363456117,1,0.95,0.75,ppi_pp,xgboost,0,787.0206913755147,62.148654887564724,0.23316036390181596
254,460.87752390803087,333.94757535464237,0.0,1267177.0601996186,2533432.3653514213,1,0.95,0.75,ratio,xgboost,0,787.0206913755147,62.148654887564724,0.3800894449333632
255,709.0549350871202,333.94757535464237,479.46206202483086,938.6478081494095,459.1857461245786,0,0.95,0.75,ppi,xgboost,1,877.1687530924883,-131.77799350549543,1.1232522330312624
256,577.1790206894011,333.94757535464237,560.2101898979879,594.1478514808143,33.93766158282642,0,0.95,0.75,naive,xgboost,1,877.1687530924883,-131.77799350549543,0.7283521824539502
257,454.77790540983045,333.94757535464237,0.0,1071.3309696632955,1233.1061285069302,1,0.95,0.75,classical,xgboost,1,877.1687530924883,-131.77799350549543,0.3618242471946978
258,545.4489557069846,333.94757535464237,161.79816686644057,929.0997445475286,767.301577681088,1,0.95,0.75,ppi_pp,xgboost,1,877.1687530924883,-131.77799350549543,0.6333370743229206
259,566.7788058836551,333.94757535464237,0.0,2442893.244733702,4884652.931855637,1,0.95,0.75,ratio,xgboost,1,877.1687530924883,-131.77799350549543,0.6972089265261258
260,384.6361133754581,333.94757535464237,133.721658635921,635.5505681149951,501.8289094790741,1,0.95,0.75,ppi,xgboost,2,846.2086097601521,250.2776454238147,0.15178591420220972
261,634.5854372329696,333.94757535464237,613.9414473942238,655.2294270717155,41.28797967749165,0,0.95,0.75,naive,xgboost,2,846.2086097601521,250.2776454238147,0.9002546629034777
262,224.1834793539792,333.94757535464237,0.0,510.0242232490509,571.6814877901435,1,0.95,0.75,classical,xgboost,2,846.2086097601521,250.2776454238147,-0.32868660862141896
263,228.38012933187173,333.94757535464237,8.345707888278753,448.4145507754647,440.06884288718595,1,0.95,0.75,ppi_pp,xgboost,2,846.2086097601521,250.2776454238147,-0.31611981584433174
264,211.5313761350548,333.94757535464237,0.0,525153.1956221872,1049883.3284921043,1,0.95,0.75,ratio,xgboost,2,846.2086097601521,250.2776454238147,-0.366573103845971
265,1174.8113946938583,333.94757535464237,390.54876961521063,1959.074019772506,1568.5252501572954,0,0.95,0.75,ppi,xgboost,3,790.2419890452599,-537.6565179654519,2.5179515630447193
266,637.2943384185696,333.94757535464237,616.8612797651531,657.7273970719862,40.866117306833075,0,0.95,0.75,naive,xgboost,3,790.2419890452599,-537.6565179654519,0.9083664187164169
267,811.6214511224192,333.94757535464237,0.0,2032.9452343561206,2442.6475664674026,1,0.95,0.75,classical,xgboost,3,790.2419890452599,-537.6565179654519,1.4303858180748923
268,921.7094958301216,333.94757535464237,25.075860649446327,1818.3431310107967,1793.2672703613503,1,0.95,0.75,ppi_pp,xgboost,3,790.2419890452599,-537.6565179654519,1.7600424852652203
269,1062.1406821982437,333.94757535464237,0.0,9584567.96094548,19167011.640526563,1,0.95,0.75,ratio,xgboost,3,790.2419890452599,-537.6565179654519,2.180561143677363
270,496.47232424290877,333.94757535464237,0.0,1449.3065308469852,1905.6684132081527,1,0.95,0.75,ppi,xgboost,4,899.8009680623492,157.89545051702453,0.4866774334734126
271,654.4523193597363,333.94757535464237,634.265349762442,674.6392889570305,40.3739391945885,0,0.95,0.75,naive,xgboost,4,899.8009680623492,157.89545051702453,0.9597456836293164
272,760.1330691134076,333.94757535464237,0.0,1738.4849390751453,1956.7037399234755,1,0.95,0.75,classical,xgboost,4,899.8009680623492,157.89545051702453,1.2762047854552288
273,760.1330691134076,333.94757535464237,1.5815932457778672,1518.6845449810373,1517.1029517352595,1,0.95,0.75,ppi_pp,xgboost,4,899.8009680623492,157.89545051702453,1.2762047854552288
274,570.514872933927,333.94757535464237,0.0,6150258.745705576,12299376.461665284,1,0.95,0.75,ratio,xgboost,4,899.8009680623492,157.89545051702453,0.7083965120215567
275,603.6284165324646,333.94757535464237,340.43790472262543,866.8189283423037,526.3810236196782,0,0.95,0.75,ppi,xgboost,5,885.1722889119326,-4.283510950704226,0.8075544219520959
276,599.3277546011315,333.94757535464237,581.7282105774055,616.9272986248574,35.19908804745182,0,0.95,0.75,naive,xgboost,5,885.1722889119326,-4.283510950704226,0.7946761672536872
277,577.8890288149315,333.94757535464237,0.0,1205.354987587513,1254.931917545163,1,0.95,0.75,classical,xgboost,5,885.1722889119326,-4.283510950704226,0.7304782889985969
278,589.5953810914133,333.94757535464237,251.08988457106477,928.1008776117618,677.010993040697,1,0.95,0.75,ppi_pp,xgboost,5,885.1722889119326,-4.283510950704226,0.7655327500589892
279,535.3503480580898,333.94757535464237,0.0,2530087.407935912,5059104.115175707,1,0.95,0.75,ratio,xgboost,5,885.1722889119326,-4.283510950704226,0.6030969755943391
280,446.39901572961946,333.94757535464237,134.12067159123978,758.6773598679991,624.5566882767594,1,0.95,0.75,ppi,xgboost,6,937.6509065248406,205.48473609868736,0.3367338129512006
281,651.8923070716698,333.94757535464237,630.6040777001884,673.1805364431513,42.576458742962814,0,0.95,0.75,naive,xgboost,6,937.6509065248406,205.48473609868736,0.9520797729385507
282,662.586361275275,333.94757535464237,0.0,1371.3237627186766,1417.4748028868032,1,0.95,0.75,classical,xgboost,6,937.6509065248406,205.48473609868736,0.9841029256512134
283,509.46867900461416,333.94757535464237,327.1449868662125,691.7923711430158,364.6473842768033,1,0.95,0.75,ppi_pp,xgboost,6,937.6509065248406,205.48473609868736,0.5255947837428483
284,549.4652215059517,333.94757535464237,0.0,3227815.500066383,6454532.069689753,1,0.95,0.75,ratio,xgboost,6,937.6509065248406,205.48473609868736,0.6453637099249366
285,369.5468979887207,333.94757535464237,74.04864880742281,665.0451471700185,590.9964983625957,1,0.95,0.75,ppi,xgboost,7,859.028311998764,258.9199530341725,0.10660153048355835
286,628.2022313853611,333.94757535464237,608.6871861614522,647.7172766092699,39.030090447817656,0,0.95,0.75,naive,xgboost,7,859.028311998764,258.9199530341725,0.8811402679544208
287,297.42768447016675,333.94757535464237,0.0,647.1863242412653,699.5172795421971,1,0.95,0.75,classical,xgboost,7,859.028311998764,258.9199530341725,-0.10935815552992885
288,312.5515864530845,333.94757535464237,110.08207944725285,515.0210934589161,404.93901401166323,1,0.95,0.75,ppi_pp,xgboost,7,859.028311998764,258.9199530341725,-0.06406990342372143
289,314.7186144160983,333.94757535464237,0.0,786277.7955320663,1571926.1538353004,1,0.95,0.75,ratio,xgboost,7,859.028311998764,258.9199530341725,-0.057580777216673804
290,519.6415890818076,333.94757535464237,0.0,1109.664670559368,1180.0461629551207,1,0.95,0.75,ppi,xgboost,8,858.9856306923422,93.78836647296376,0.5560573797547826
291,613.5075452438931,333.94757535464237,596.0594586032342,630.955631884552,34.896173281317715,0,0.95,0.75,naive,xgboost,8,858.9856306923422,93.78836647296376,0.8371372949552527
292,710.494656646009,333.94757535464237,65.89906506885313,1355.090248223165,1289.1911831543118,1,0.95,0.75,classical,xgboost,8,858.9856306923422,93.78836647296376,1.1275634533099541
293,687.8610888353128,333.94757535464237,196.2191407876598,1179.5030368829657,983.2838960953059,1,0.95,0.75,ppi_pp,xgboost,8,858.9856306923422,93.78836647296376,1.0597876421316275
294,560.225390911703,333.94757535464237,0.0,2670110.5146618765,5339100.57854193,1,0.95,0.75,ratio,xgboost,8,858.9856306923422,93.78836647296376,0.6775848434196905
295,417.26597791773804,333.94757535464237,0.0,863.299383941089,892.0668120467019,1,0.95,0.75,ppi,xgboost,9,918.8912368361077,194.94367771612866,0.24949545590985056
296,612.0756436109863,333.94757535464237,593.3777558902353,630.7735313317372,37.39577544150188,0,0.95,0.75,naive,xgboost,9,918.8912368361077,194.94367771612866,0.8328494913040773
297,444.560615010388,333.94757535464237,163.908931577241,725.212298443535,561.303366866294,1,0.95,0.75,classical,xgboost,9,918.8912368361077,194.94367771612866,0.331228755107079
298,439.21000857593845,333.94757535464237,277.6150214851341,600.8049956667428,323.1899741816087,1,0.95,0.75,ppi_pp,xgboost,9,918.8912368361077,194.94367771612866,0.3152064605036
299,433.84027801659875,333.94757535464237,0.0,506503.0272933435,1012138.3740306539,1,0.95,0.75,ratio,xgboost,9,918.8912368361077,194.94367771612866,0.2991268990525633
300,963.0108915931922,333.94757535464237,237.47615559189342,1688.5456275944912,1451.0694720025976,1,0.95,0.75,ppi,xgboost,10,931.6427314086338,-331.9088685216959,1.883718771039147
301,631.053318473163,333.94757535464237,611.4887338988214,650.6179030475047,39.12916914868333,0,0.95,0.75,naive,xgboost,10,931.6427314086338,-331.9088685216959,0.8896777968907341
302,570.1725705566463,333.94757535464237,0.0,1701.1450288355363,2261.94491655778,1,0.95,0.75,classical,xgboost,10,931.6427314086338,-331.9088685216959,0.7073714937176592
303,686.8856736660837,333.94757535464237,0.0,1516.4090980254118,1659.0468487186563,1,0.95,0.75,ppi_pp,xgboost,10,931.6427314086338,-331.9088685216959,1.0568667789746087
304,894.0280297926399,333.94757535464237,0.0,8218907.012758367,16436025.969457148,1,0.95,0.75,ratio,xgboost,10,931.6427314086338,-331.9088685216959,1.677150833759487
305,527.1493971761893,333.94757535464237,177.57752872009127,876.7212656322872,699.1437369121959,1,0.95,0.75,ppi,xgboost,11,856.2884722957739,126.38236752377651,0.5785393758777028
306,653.5470866875914,333.94757535464237,633.5158063980427,673.5783669771401,40.06256057909741,0,0.95,0.75,naive,xgboost,11,856.2884722957739,126.38236752377651,0.957034980695829
307,672.6995712198149,333.94757535464237,0.0,1478.9218929398376,1612.4446434400454,1,0.95,0.75,classical,xgboost,11,856.2884722957739,126.38236752377651,1.0143867506911166
308,594.160671447733,333.94757535464237,172.41222123081678,1015.9091216646491,843.4969004338323,1,0.95,0.75,ppi_pp,xgboost,11,856.2884722957739,126.38236752377651,0.7792034298100594
309,559.8680557197296,333.94757535464237,0.0,4176675.135966273,8352230.535821106,1,0.95,0.75,ratio,xgboost,11,856.2884722957739,126.38236752377651,0.6765148096229368
310,1098.3767795240851,333.94757535464237,0.0,2231.0633953671,2265.3732316860296,1,0.95,0.75,ppi,xgboost,12,954.6215801648249,-478.07663545546257,2.289069484507087
311,620.7075837340567,333.94757535464237,602.2409611401021,639.1742063280113,36.93324518790928,0,0.95,0.75,naive,xgboost,12,954.6215801648249,-478.07663545546257,0.8586976805412758
312,1130.007165526721,333.94757535464237,0.0,3190.8005771575345,4121.586823261627,1,0.95,0.75,classical,xgboost,12,954.6215801648249,-478.07663545546257,2.383786105728383
313,1098.3767795240851,333.94757535464237,0.0,2231.0633953671,2265.3732316860296,1,0.95,0.75,ppi_pp,xgboost,12,954.6215801648249,-478.07663545546257,2.289069484507087
314,1003.6691489389749,333.94757535464237,0.0,27286489.649545014,54570971.96079215,1,0.95,0.75,ratio,xgboost,12,954.6215801648249,-478.07663545546257,2.0054691904054347
315,450.4918234088803,333.94757535464237,259.51613119733815,641.4675156204224,381.9513844230843,1,0.95,0.75,ppi,xgboost,13,887.2587940314427,174.0775483486807,0.34898965183523617
316,624.3423448992685,333.94757535464237,605.4780402484922,643.2066495500447,37.728609301552524,0,0.95,0.75,naive,xgboost,13,887.2587940314427,174.0775483486807,0.8695819073884142
317,340.558772033676,333.94757535464237,0.0,709.999177906762,738.8808117461721,1,0.95,0.75,classical,xgboost,13,887.2587940314427,174.0775483486807,0.019797109387641895
318,359.76992048411967,333.94757535464237,118.52866918462948,601.0111717836098,482.4825025989803,1,0.95,0.75,ppi_pp,xgboost,13,887.2587940314427,174.0775483486807,0.07732454742950219
319,352.84606313654217,333.94757535464237,0.0,877257.094452474,1753808.496778675,1,0.95,0.75,ratio,xgboost,13,887.2587940314427,174.0775483486807,0.056591181300927766
320,329.08284212738596,333.94757535464237,55.77942127925235,602.3862629755196,546.6068416962672,1,0.95,0.75,ppi,xgboost,14,828.6654595638006,279.72925180820494,-0.014567356035120802
321,608.7631803777206,333.94757535464237,591.2918590647166,626.2345016907245,34.94264262600791,0,0.95,0.75,naive,xgboost,14,828.6654595638006,279.72925180820494,0.8229303798095621
322,547.6212330398175,333.94757535464237,49.8116847667896,1045.4307813128455,995.619096546056,1,0.95,0.75,classical,xgboost,14,828.6654595638006,279.72925180820494,0.6398419196733502
323,461.2237298062553,333.94757535464237,206.06328496087164,716.3841746516389,510.3208896907672,1,0.95,0.75,ppi_pp,xgboost,14,828.6654595638006,279.72925180820494,0.3811261522604242
324,409.5550093234369,333.94757535464237,0.0,1592580.593801201,3184342.0775837554,1,0.95,0.75,ratio,xgboost,14,828.6654595638006,279.72925180820494,0.22640509932884426
325,417.10644860177734,333.94757535464237,287.6064598893965,546.6064373141583,258.99997742476177,1,0.95,0.75,ppi,xgboost,15,921.4630607281641,191.92945939658188,0.24901774824633097
326,608.6560338671559,333.94757535464237,590.5435947584346,626.7684729758772,36.224878217442665,0,0.95,0.75,naive,xgboost,15,921.4630607281641,191.92945939658188,0.822609531513386
327,133.81336986290313,333.94757535464237,0.0,317.80333761240513,367.979935499004,0,0.95,0.75,classical,xgboost,15,921.4630607281641,191.92945939658188,-0.5992982739257882
328,155.8000809318126,333.94757535464237,30.243828540833746,281.35633332279144,251.11250478195768,0,0.95,0.75,ppi_pp,xgboost,15,921.4630607281641,191.92945939658188,-0.5334594636108451
329,171.9819534324628,333.94757535464237,0.0,217670.92317294254,434997.88243902015,1,0.95,0.75,ratio,xgboost,15,921.4630607281641,191.92945939658188,-0.4850031378433483
330,523.2018733068696,333.94757535464237,373.73549543470364,672.6682511790357,298.93275574433204,0,0.95,0.75,ppi,xgboost,16,911.0222326639063,99.27898890284993,0.5667185867459731
331,622.0727793562083,333.94757535464237,603.2499236458261,640.8956350665906,37.64571142076443,0,0.95,0.75,naive,xgboost,16,911.0222326639063,99.27898890284993,0.8627857342446209
332,111.96921246738934,333.94757535464237,44.60197843461263,179.33644650016606,134.73446806555341,0,0.95,0.75,classical,xgboost,16,911.0222326639063,99.27898890284993,-0.6647102098331411
333,113.23054657051807,333.94757535464237,61.07624810427642,165.3848450367597,104.3085969324833,0,0.95,0.75,ppi_pp,xgboost,16,911.0222326639063,99.27898890284993,-0.660933167577963
334,170.4361890891394,333.94757535464237,0.0,29329.196459407503,58317.52054063673,1,0.95,0.75,ratio,xgboost,16,911.0222326639063,99.27898890284993,-0.48963190133019757
335,517.0208330863363,333.94757535464237,178.32747837411182,855.7141877985608,677.386709424449,1,0.95,0.75,ppi,xgboost,17,878.5375832878184,119.80291717529235,0.5482095731261879
336,636.860913331554,333.94757535464237,616.5657467408643,657.1560799222437,40.59033318137949,0,0.95,0.75,naive,xgboost,17,878.5375832878184,119.80291717529235,0.9070685350993392
337,683.3147507381445,333.94757535464237,0.0,1446.0251972730691,1525.4208930698492,1,0.95,0.75,classical,xgboost,17,878.5375832878184,119.80291717529235,1.0461737145792558
338,554.1479748391478,333.94757535464237,291.5850379605241,816.7109117177714,525.1258737572473,1,0.95,0.75,ppi_pp,xgboost,17,878.5375832878184,119.80291717529235,0.6593861304447536
339,645.7226894068128,333.94757535464237,0.0,3738161.947919204,7475032.450459594,1,0.95,0.75,ratio,xgboost,17,878.5375832878184,119.80291717529235,0.9336049639560179
340,771.952378145953,333.94757535464237,362.0619683526661,1181.84278793924,819.7808195865739,0,0.95,0.75,ppi,xgboost,18,834.7330701412894,-143.71315513887612,1.3115974934873016
341,628.1428172829998,333.94757535464237,606.1024012606663,650.1832333053333,44.08083204466698,0,0.95,0.75,naive,xgboost,18,834.7330701412894,-143.71315513887612,0.8809623534949486
342,507.6356621865293,333.94757535464237,0.0,1228.942560652901,1442.6137969327433,1,0.95,0.75,classical,xgboost,18,834.7330701412894,-143.71315513887612,0.5201058478937461
343,551.8859241862476,333.94757535464237,22.423777708757825,1081.3480706637374,1058.9242929549796,1,0.95,0.75,ppi_pp,xgboost,18,834.7330701412894,-143.71315513887612,0.6526124605042011
344,660.7969143494472,333.94757535464237,0.0,3343404.194551637,6685486.795274575,1,0.95,0.75,ratio,xgboost,18,834.7330701412894,-143.71315513887612,0.9787444590597808
345,1152.2561508601457,333.94757535464237,367.7347732469415,1936.7775284733498,1569.0427552264082,0,0.95,0.75,ppi,xgboost,19,883.9087883934618,-533.5696850415378,2.4504102916048547
346,619.2332204055846,333.94757535464237,600.9102743534851,637.5561664576841,36.64589210419899,0,0.95,0.75,naive,xgboost,19,883.9087883934618,-533.5696850415378,0.8542827261074657
347,1302.6764541264681,333.94757535464237,0.0,2944.398120029624,3283.443331806311,1,0.95,0.75,classical,xgboost,19,883.9087883934618,-533.5696850415378,2.9008411806645538
348,1152.2561508601457,333.94757535464237,367.7347732469415,1936.7775284733498,1569.0427552264082,0,0.95,0.75,ppi_pp,xgboost,19,883.9087883934618,-533.5696850415378,2.4504102916048547
349,1099.900703970772,333.94757535464237,0.0,17317670.33446405,34633140.86752016,1,0.95,0.75,ratio,xgboost,19,883.9087883934618,-533.5696850415378,2.2936328488167947
350,145.63574853345784,333.94757535464237,0.0,671.8809542162592,1052.4904113656025,1,0.95,0.75,ppi,xgboost,20,863.4945692675375,501.2901395545748,-0.563896373917981
351,646.6091357015954,333.94757535464237,626.6019451253674,666.6163262778234,40.01438115245605,0,0.95,0.75,naive,xgboost,20,863.4945692675375,501.2901395545748,0.9362594114208368
352,250.66865265505044,333.94757535464237,14.361641322362544,486.97566398773836,472.61402266537584,1,0.95,0.75,classical,xgboost,20,863.4945692675375,501.2901395545748,-0.24937723416962138
353,229.06604933325767,333.94757535464237,128.25974683574003,329.8723518307753,201.61260499503527,0,0.95,0.75,ppi_pp,xgboost,20,863.4945692675375,501.2901395545748,-0.31406584075360827
354,236.71463631722173,333.94757535464237,0.0,359011.0091949711,717548.5891173078,1,0.95,0.75,ratio,xgboost,20,863.4945692675375,501.2901395545748,-0.2911622847812629
355,899.8133215845456,333.94757535464237,6.443817502429965,1793.1828256666613,1786.7390081642313,1,0.95,0.75,ppi,xgboost,21,881.1653511810182,-263.0173621497861,1.6944747858371803
356,637.1138127925865,333.94757535464237,615.8558079985618,658.3718175866112,42.51600958804943,0,0.95,0.75,naive,xgboost,21,881.1653511810182,-263.0173621497861,0.907825837980679
357,1034.4305100761167,333.94757535464237,0.0,2225.344577403527,2381.828134654821,1,0.95,0.75,classical,xgboost,21,881.1653511810182,-263.0173621497861,2.097583532318156
358,1001.2187334532193,333.94757535464237,108.22487523412144,1894.212591672317,1785.9877164381955,1,0.95,0.75,ppi_pp,xgboost,21,881.1653511810182,-263.0173621497861,1.9981314653653492
359,906.8385428499583,333.94757535464237,0.0,9113119.023401372,18224424.369717043,1,0.95,0.75,ratio,xgboost,21,881.1653511810182,-263.0173621497861,1.715511684392147
360,723.6006393585642,333.94757535464237,545.8343345535623,901.3669441635661,355.5326096100039,0,0.95,0.75,ppi,xgboost,22,803.6585868742459,-113.11578415833911,1.1668090825038089
361,610.3106588386203,333.94757535464237,592.295975338488,628.3253423387525,36.02936700026453,0,0.95,0.75,naive,xgboost,22,803.6585868742459,-113.11578415833911,0.8275642761906222
362,392.5652068325927,333.94757535464237,0.0,833.7613163335624,882.3922190019393,1,0.95,0.75,classical,xgboost,22,803.6585868742459,-113.11578415833911,0.17552944175653967
363,441.6458664546078,333.94757535464237,125.53958669594613,757.7521462132695,632.2125595173234,1,0.95,0.75,ppi_pp,xgboost,22,803.6585868742459,-113.11578415833911,0.32250059305144846
364,558.8479349303799,333.94757535464237,0.0,1251181.1294133107,2501244.5629567606,1,0.95,0.75,ratio,xgboost,22,803.6585868742459,-113.11578415833911,0.6734600762916156
365,349.1996893966632,333.94757535464237,22.66468558205804,675.7346932112683,653.0700076292103,1,0.95,0.75,ppi,xgboost,23,907.6567506489316,250.26318081150495,0.045672180808091004
366,599.1637764832136,333.94757535464237,582.1005560757615,616.2269968906658,34.1264408149043,0,0.95,0.75,naive,xgboost,23,907.6567506489316,250.26318081150495,0.79418513773283
367,225.29662029017967,333.94757535464237,0.0,602.823265076073,755.0532895717865,1,0.95,0.75,classical,xgboost,23,907.6567506489316,250.26318081150495,-0.3253533281356471
368,285.88374221786677,333.94757535464237,246.4822188186148,325.28526561711874,78.80304679850394,0,0.95,0.75,ppi_pp,xgboost,23,907.6567506489316,250.26318081150495,-0.14392628269791521
369,273.8386519664628,333.94757535464237,0.0,915988.9560491078,1831430.2347942828,1,0.95,0.75,ratio,xgboost,23,907.6567506489316,250.26318081150495,-0.1799950885235375
370,498.56207827700604,333.94757535464237,200.1794903294678,796.9446662245443,596.7651758950765,1,0.95,0.75,ppi,xgboost,24,845.2471436664,86.16779308632081,0.4929351642920239
371,584.6289953619736,333.94757535464237,568.4692818226615,600.7887089012856,32.31942707862413,0,0.95,0.75,naive,xgboost,24,845.2471436664,86.16779308632081,0.7506609974368432
372,458.5339936701947,333.94757535464237,61.343403559675096,855.7245837807143,794.3811802210391,1,0.95,0.75,classical,xgboost,24,845.2471436664,86.16779308632081,0.373071785843168
373,465.181221526296,333.94757535464237,182.97998373591793,747.382459316674,564.4024755807561,1,0.95,0.75,ppi_pp,xgboost,24,845.2471436664,86.16779308632081,0.39297678994161706
374,411.96361415875464,333.94757535464237,0.0,1014001.7524078881,2027179.5775874585,1,0.95,0.75,ratio,xgboost,24,845.2471436664,86.16779308632081,0.23361762312920392
375,414.04699534721505,333.94757535464237,374.9837494681418,453.1102412262883,78.12649175814647,0,0.95,0.9,ppi,xgboost,0,534.9395753143259,-17.760591719518402,0.2398562705763307
376,396.19297089917285,333.94757535464237,385.2176880912803,407.1682537070654,21.95056561578508,0,0.95,0.9,naive,xgboost,0,534.9395753143259,-17.760591719518402,0.18639271591784348
377,279.40206024445126,333.94757535464237,46.63201530635669,512.1721051825458,465.5400898761891,1,0.95,0.9,classical,xgboost,0,534.9395753143259,-17.760591719518402,-0.16333556263214485
378,304.8391221632921,333.94757535464237,154.07061047905825,455.6076338475259,301.53702336846766,1,0.95,0.9,ppi_pp,xgboost,0,534.9395753143259,-17.760591719518402,-0.08716473883793881
379,316.15114827526037,333.94757535464237,0.0,348426.54062859603,696220.7789606416,1,0.95,0.9,ratio,xgboost,0,534.9395753143259,-17.760591719518402,-0.05329108037536348
380,308.39419142496797,333.94757535464237,89.90830956612214,526.8800732838138,436.9717637176916,1,0.95,0.9,ppi,xgboost,1,565.0454947538234,105.69149049533395,-0.07651914796068654
381,414.0185002146602,333.94757535464237,401.2613888925325,426.7756115367879,25.51422264425537,0,0.95,0.9,naive,xgboost,1,565.0454947538234,105.69149049533395,0.23977094241509286
382,330.041368162503,333.94757535464237,32.31694266030394,627.765793664702,595.448851004398,1,0.95,0.9,classical,xgboost,1,565.0454947538234,105.69149049533395,-0.011697067086027246
383,319.23847082618727,333.94757535464237,287.1632727454551,351.3136689069194,64.1503961614643,1,0.95,0.9,ppi_pp,xgboost,1,565.0454947538234,105.69149049533395,-0.044046148599325714
384,306.51210974384173,333.94757535464237,0.0,569806.2619432824,1138999.499667077,1,0.95,0.9,ratio,xgboost,1,565.0454947538234,105.69149049533395,-0.08215500765850745
385,386.10454039476963,333.94757535464237,292.19592830123196,480.0131524883073,187.81722418707534,1,0.95,0.9,ppi,xgboost,2,538.7262964862647,23.121884524036915,0.15618309246515152
386,409.0542056388403,333.94757535464237,396.96266504467945,421.14574623300115,24.183081188321694,0,0.95,0.9,naive,xgboost,2,538.7262964862647,23.121884524036915,0.22490545171479964
387,193.78010568101263,333.94757535464237,0.0,404.6458581662854,421.73150497054553,1,0.95,0.9,classical,xgboost,2,538.7262964862647,23.121884524036915,-0.41972896352002576
388,214.96477252671968,333.94757535464237,64.76700828906576,365.1625367643736,300.39552847530786,1,0.95,0.9,ppi_pp,xgboost,2,538.7262964862647,23.121884524036915,-0.35629186018663705
389,257.33585753177374,333.94757535464237,0.0,285935.24094025686,571355.8101654502,1,0.95,0.9,ratio,xgboost,2,538.7262964862647,23.121884524036915,-0.22941240924270603
390,377.42741970573763,333.94757535464237,255.4503157555642,499.4045236559111,243.9542079003469,1,0.95,0.9,ppi,xgboost,3,510.88204939458427,29.61738787108559,0.1301996108368835
391,406.90005353084007,333.94757535464237,395.0679086431877,418.73219841849243,23.664289775304724,0,0.95,0.9,naive,xgboost,3,510.88204939458427,29.61738787108559,0.21845488202369592
392,225.95749605184892,333.94757535464237,0.0,479.46832496063405,507.02165781757026,1,0.95,0.9,classical,xgboost,3,510.88204939458427,29.61738787108559,-0.32337434756970823
393,277.6742323400567,333.94757535464237,183.11091898666749,372.2375456934459,189.1266267067784,1,0.95,0.9,ppi_pp,xgboost,3,510.88204939458427,29.61738787108559,-0.16850951217365503
394,316.41662158412504,333.94757535464237,0.0,413231.4037104301,825829.974177692,1,0.95,0.9,ratio,xgboost,3,510.88204939458427,29.61738787108559,-0.05249612533314541
395,775.0487099136174,333.94757535464237,313.47805067511547,1236.6193691521194,923.1413184770039,1,0.95,0.9,ppi,xgboost,4,538.7997904236364,-352.20426619534794,1.3208694032006034
396,423.301184744412,333.94757535464237,410.6483969492199,435.95397253960414,25.30557559038425,0,0.95,0.9,naive,xgboost,4,538.7997904236364,-352.20426619534794,0.26756777405818494
397,994.227467422536,333.94757535464237,0.0,2194.2876366300447,2400.1203384150176,1,0.95,0.9,classical,xgboost,4,538.7997904236364,-352.20426619534794,1.9771962451492457
398,775.0487099136174,333.94757535464237,313.47805067511547,1236.6193691521194,923.1413184770039,1,0.95,0.9,ppi_pp,xgboost,4,538.7997904236364,-352.20426619534794,1.3208694032006034
399,808.400670219504,333.94757535464237,0.0,9253524.102112167,18505431.402883895,1,0.95,0.9,ratio,xgboost,4,538.7997904236364,-352.20426619534794,1.420741247667412
400,796.5160666785413,333.94757535464237,232.615176991064,1360.4169563660184,1127.8017793749545,1,0.95,0.9,ppi,xgboost,5,526.6937279858007,-391.6749885313923,1.3851530164058385
401,405.3161815353024,333.94757535464237,393.3336512612096,417.29871180939523,23.965060548185647,0,0.95,0.9,naive,xgboost,5,526.6937279858007,-391.6749885313923,0.2137120058586103
402,999.195416726988,333.94757535464237,0.0,2512.432143793596,3026.473454133216,1,0.95,0.9,classical,xgboost,5,526.6937279858007,-391.6749885313923,1.992072679868606
403,796.5160666785413,333.94757535464237,232.615176991064,1360.4169563660184,1127.8017793749545,1,0.95,0.9,ppi_pp,xgboost,5,526.6937279858007,-391.6749885313923,1.3851530164058385
404,860.1532053992878,333.94757535464237,0.0,14713030.215828493,29424340.12524619,1,0.95,0.9,ratio,xgboost,5,526.6937279858007,-391.6749885313923,1.575713282199551
405,369.1652908285471,333.94757535464237,316.6356492826877,421.69493237440645,105.05928309171873,1,0.95,0.9,ppi,xgboost,6,566.2797183152039,49.04312843441052,0.10545881471516766
406,418.1025345162732,333.94757535464237,405.7201704079777,430.48489862456864,24.764728216590925,0,0.95,0.9,naive,xgboost,6,566.2797183152039,49.04312843441052,0.2520005095777706
407,285.7466011607738,333.94757535464237,51.735176182825484,519.7580261387221,468.0228499558966,1,0.95,0.9,classical,xgboost,6,566.2797183152039,49.04312843441052,-0.14433694912346812
408,301.4405377100725,333.94757535464237,157.15417017055216,445.7269052495928,288.5727350790406,1,0.95,0.9,ppi_pp,xgboost,6,566.2797183152039,49.04312843441052,-0.0973417387745618
409,289.413362231445,333.94757535464237,0.0,352122.98643161485,703667.1461387668,1,0.95,0.9,ratio,xgboost,6,566.2797183152039,49.04312843441052,-0.13335689913575022
410,411.166227221513,333.94757535464237,334.7192079186214,487.6132465244046,152.89403860578318,0,0.95,0.9,ppi,xgboost,7,524.1932374567019,-2.2637019542695995,0.23122986230658127
411,408.7580830390098,333.94757535464237,396.8043159666688,420.7118501113508,23.907534144682018,0,0.95,0.9,naive,xgboost,7,524.1932374567019,-2.2637019542695995,0.22401871792277853
412,228.20529774704,333.94757535464237,0.0,457.1890158387306,457.9674361833812,1,0.95,0.9,classical,xgboost,7,524.1932374567019,-2.2637019542695995,-0.3166433458763916
413,265.3431563881922,333.94757535464237,128.55663462832908,402.1296781480553,273.5730435197262,1,0.95,0.9,ppi_pp,xgboost,7,524.1932374567019,-2.2637019542695995,-0.20543469702870076
414,298.09715756767764,333.94757535464237,0.0,337175.96573424333,673755.7371533513,1,0.95,0.9,ratio,xgboost,7,524.1932374567019,-2.2637019542695995,-0.10735343039665028
415,543.2022439203931,333.94757535464237,246.65135124015455,839.7531366006317,593.1017853604772,1,0.95,0.9,ppi,xgboost,8,500.1734884768478,-138.54331828930506,0.6266093363412761
416,404.8044008221068,333.94757535464237,392.8824413057623,416.7263603384513,23.843919032688973,0,0.95,0.9,naive,xgboost,8,500.1734884768478,-138.54331828930506,0.2121794877301223
417,586.6483895955337,333.94757535464237,4.020426531590829,1169.2763526594765,1165.2559261278857,1,0.95,0.9,classical,xgboost,8,500.1734884768478,-138.54331828930506,0.7567080370999267
418,564.1115127682925,333.94757535464237,208.08690783905564,920.1361176975295,712.0492098584739,1,0.95,0.9,ppi_pp,xgboost,8,500.1734884768478,-138.54331828930506,0.6892217653301508
419,530.3546539871712,333.94757535464237,0.0,2181482.68496314,4361904.660618306,1,0.95,0.9,ratio,xgboost,8,500.1734884768478,-138.54331828930506,0.588137459671478
420,339.5978210425377,333.94757535464237,228.05426087914873,451.1413812059267,223.08712032677795,1,0.95,0.9,ppi,xgboost,9,526.6378054921444,62.72659867427644,0.01691955895141608
421,402.19915940667505,333.94757535464237,390.39837431522466,413.99994449812544,23.601570182900787,0,0.95,0.9,naive,xgboost,9,526.6378054921444,62.72659867427644,0.20437813923203826
422,245.62377173282806,333.94757535464237,107.22773669447102,384.01980677118513,276.79207007671414,1,0.95,0.9,classical,xgboost,9,526.6378054921444,62.72659867427644,-0.2644840392328558
423,246.75616732031912,333.94757535464237,139.68545716394632,353.82687747669195,214.14142031274562,1,0.95,0.9,ppi_pp,xgboost,9,526.6378054921444,62.72659867427644,-0.2610931010405707
424,231.96209706822378,333.94757535464237,0.0,123289.85786389862,246115.79153366078,1,0.95,0.9,ratio,xgboost,9,526.6378054921444,62.72659867427644,-0.30539367796910355
425,450.6603363418913,333.94757535464237,318.3804714169057,582.9402012668769,264.5597298499712,1,0.95,0.9,ppi,xgboost,10,459.6078412926789,-49.95813269924285,0.3494942607782179
426,400.81443446470234,333.94757535464237,389.0938435571789,412.5350253722258,23.44118181504689,0,0.95,0.9,naive,xgboost,10,459.6078412926789,-49.95813269924285,0.2002316053322123
427,541.1029620320714,333.94757535464237,0.0,1115.9332975309326,1149.6606709977223,1,0.95,0.9,classical,xgboost,10,459.6078412926789,-49.95813269924285,0.6203230745347866
428,460.8364810079359,333.94757535464237,301.1769284679786,620.4960335478931,319.31910507991455,1,0.95,0.9,ppi_pp,xgboost,10,459.6078412926789,-49.95813269924285,0.3799665427082119
429,469.78478270785496,333.94757535464237,0.0,2123436.7919930182,4245934.014420621,1,0.95,0.9,ratio,xgboost,10,459.6078412926789,-49.95813269924285,0.40676207098960826
430,390.87783962132056,333.94757535464237,358.0109341390833,423.7447451035578,65.73381096447451,0,0.95,0.9,ppi,xgboost,11,528.6989817324852,14.655564298650404,0.1704766510318871
431,405.5426024094265,333.94757535464237,393.4191442870466,417.66606053180635,24.246916244759745,0,0.95,0.9,naive,xgboost,11,528.6989817324852,14.655564298650404,0.21439001908833244
432,417.0407142287286,333.94757535464237,0.0,873.4560764880591,912.8307245186611,1,0.95,0.9,classical,xgboost,11,528.6989817324852,14.655564298650404,0.2488209078501132
433,400.0215276717835,333.94757535464237,264.8876297431815,535.1554256003855,270.26779585720396,1,0.95,0.9,ppi_pp,xgboost,11,528.6989817324852,14.655564298650404,0.19785726022107675
434,405.2248288595395,333.94757535464237,0.0,1338801.514290766,2676792.578923813,1,0.95,0.9,ratio,xgboost,11,528.6989817324852,14.655564298650404,0.213438451916301
435,452.7272426657285,333.94757535464237,407.67533931848067,497.77914601297635,90.10380669449569,0,0.95,0.9,ppi,xgboost,12,536.7812210242372,-47.75199512856858,0.3556835745399429
436,405.28393079923893,333.94757535464237,393.1261559814126,417.4417056170653,24.3155496356527,0,0.95,0.9,naive,xgboost,12,536.7812210242372,-47.75199512856858,0.21361543161030436
437,791.138008397993,333.94757535464237,0.0,1714.5296825729993,1846.7833483500126,1,0.95,0.9,classical,xgboost,12,536.7812210242372,-47.75199512856858,1.369048517743625
438,452.7272426657285,333.94757535464237,407.67533931848067,497.77914601297635,90.10380669449569,0,0.95,0.9,ppi_pp,xgboost,12,536.7812210242372,-47.75199512856858,0.3556835745399429
439,619.3510369040549,333.94757535464237,0.0,5478789.597803835,10956340.49353386,1,0.95,0.9,ratio,xgboost,12,536.7812210242372,-47.75199512856858,0.8546355254902587
440,261.22040264416194,333.94757535464237,130.76084988741533,391.6799554009085,260.91910551349315,1,0.95,0.9,ppi,xgboost,13,513.8598643784765,154.72681012441063,-0.21778020886435945
441,415.8008508359179,333.94757535464237,403.4973158220334,428.10438584980244,24.607070027769055,0,0.95,0.9,naive,xgboost,13,513.8598643784765,154.72681012441063,0.24510815925029492
442,232.84843501757237,333.94757535464237,74.99703397513369,390.6998360600111,315.70280208487736,1,0.95,0.9,classical,xgboost,13,513.8598643784765,154.72681012441063,-0.3027395549427353
443,237.14188299960023,333.94757535464237,149.6359423781901,324.6478236210104,175.0118812428203,0,0.95,0.9,ppi_pp,xgboost,13,513.8598643784765,154.72681012441063,-0.28988290228559793
444,219.92916611044572,333.94757535464237,0.0,160311.18533923934,320182.5123462578,1,0.95,0.9,ratio,xgboost,13,513.8598643784765,154.72681012441063,-0.34142607300895206
445,487.10052255433925,333.94757535464237,345.0752965778298,629.1257485308487,284.05045195301886,0,0.95,0.9,ppi,xgboost,14,505.9403723902858,-82.44976699691537,0.45861374210324185
446,404.72713041470786,333.94757535464237,392.416557570919,417.0377032584967,24.621145687577723,0,0.95,0.9,naive,xgboost,14,505.9403723902858,-82.44976699691537,0.21194810288680704
447,500.19570201974636,333.94757535464237,0.0,1009.913116188951,1019.4348283384093,1,0.95,0.9,classical,xgboost,14,505.9403723902858,-82.44976699691537,0.49782702116807837
448,492.5251289372752,333.94757535464237,256.74475020694683,728.3055076676036,471.56075746065676,1,0.95,0.9,ppi_pp,xgboost,14,505.9403723902858,-82.44976699691537,0.47485762821972344
449,483.17320431175534,333.94757535464237,0.0,1669737.1660251352,3338507.9856416467,1,0.95,0.9,ratio,xgboost,14,505.9403723902858,-82.44976699691537,0.44685345835686874
450,455.48351574209755,333.94757535464237,381.65741552926755,529.3096159549276,147.65220042566006,0,0.95,0.9,ppi,xgboost,15,514.7584697907757,-61.845896725772064,0.36393718462662183
451,393.67079443405726,333.94757535464237,382.4130484152179,404.92854045289664,22.51549203767877,0,0.95,0.9,naive,xgboost,15,514.7584697907757,-61.845896725772064,0.1788401039174805
452,435.1400665987712,333.94757535464237,0.0,947.7782426316096,1025.2763520656767,1,0.95,0.9,classical,xgboost,15,514.7584697907757,-61.845896725772064,0.30301909255267223
453,452.2999293012035,333.94757535464237,333.4591780937223,571.1406805086847,237.68150241496238,1,0.95,0.9,ppi_pp,xgboost,15,514.7584697907757,-61.845896725772064,0.3544039923657912
454,451.39925840213664,333.94757535464237,0.0,1688890.3569341998,3376877.9153515953,1,0.95,0.9,ratio,xgboost,15,514.7584697907757,-61.845896725772064,0.3517069495796281
455,355.0082374143922,333.94757535464237,300.56681375752044,409.449661071264,108.88284731374358,1,0.95,0.9,ppi,xgboost,16,540.0555430627858,54.5548022038853,0.06306577323516742
456,409.34819046080196,333.94757535464237,397.329485491612,421.3668954299919,24.037409938379938,0,0.95,0.9,naive,xgboost,16,540.0555430627858,54.5548022038853,0.22578578396949397
457,140.78674361635086,333.94757535464237,2.7955938792373445,278.7778933534644,275.98229947422703,0,0.95,0.9,classical,xgboost,16,540.0555430627858,54.5548022038853,-0.5784166318116263
458,160.07731942096768,333.94757535464237,66.75633664766755,253.3983021942678,186.64196554660026,0,0.95,0.9,ppi_pp,xgboost,16,540.0555430627858,54.5548022038853,-0.520651349988182
459,198.71484859910524,333.94757535464237,0.0,122538.1964612685,244678.96322533878,1,0.95,0.9,ratio,xgboost,16,540.0555430627858,54.5548022038853,-0.40495196472657125
460,453.72873167734485,333.94757535464237,329.35673993882267,578.100723415867,248.74398347704437,1,0.95,0.9,ppi,xgboost,17,543.6433424433526,-46.92688698733193,0.3586825153484
461,406.6719164607572,333.94757535464237,394.95806691406386,418.3857660074505,23.42769909338665,0,0.95,0.9,naive,xgboost,17,543.6433424433526,-46.92688698733193,0.21777172967608385
462,244.26162989104134,333.94757535464237,0.0,666.6512014942243,844.779143206366,1,0.95,0.9,classical,xgboost,17,543.6433424433526,-46.92688698733193,-0.26856294844589673
463,327.901571962306,333.94757535464237,83.53259062595103,572.270553298661,488.73796267270995,1,0.95,0.9,ppi_pp,xgboost,17,543.6433424433526,-46.92688698733193,-0.018104648269764236
464,356.84874326815805,333.94757535464237,0.0,1146633.2783718696,2292552.859257203,1,0.95,0.9,ratio,xgboost,17,543.6433424433526,-46.92688698733193,0.06857713486673865
465,540.1903369003555,333.94757535464237,336.80101791795363,743.5796558827574,406.77863796480375,0,0.95,0.9,ppi,xgboost,18,535.8686407931053,-148.14749889171327,0.6175902350142519
466,392.1099367988751,333.94757535464237,380.6510506745098,403.56882292324036,22.917772248730557,0,0.95,0.9,naive,xgboost,18,535.8686407931053,-148.14749889171327,0.17416614383999052
467,475.98342458999355,333.94757535464237,0.0,1029.0576598065823,1106.1484704331774,1,0.95,0.9,classical,xgboost,18,535.8686407931053,-148.14749889171327,0.4253237924680643
468,515.7493349052129,333.94757535464237,230.73361359461114,800.7650562158146,570.0314426212035,1,0.95,0.9,ppi_pp,xgboost,18,535.8686407931053,-148.14749889171327,0.5444020947225099
469,526.9995407898535,333.94757535464237,0.0,1965835.0396399414,3930616.0801983033,1,0.95,0.9,ratio,xgboost,18,535.8686407931053,-148.14749889171327,0.5780906336277356
470,362.09397634768385,333.94757535464237,294.21076015758734,429.97719253778035,135.766432380193,1,0.95,0.9,ppi,xgboost,19,535.6981065277419,33.14948628222155,0.08428389085667366
471,395.13344104497105,333.94757535464237,383.1974546749893,407.0694274149528,23.871972739963553,0,0.95,0.9,naive,xgboost,19,535.6981065277419,33.14948628222155,0.18321997285158043
472,257.6064598771413,333.94757535464237,15.780450879391054,499.43246887489147,483.6520179955004,1,0.95,0.9,classical,xgboost,19,535.6981065277419,33.14948628222155,-0.22860209539305415
473,275.581739622633,333.94757535464237,115.8669795502459,435.2964996950201,319.4295201447742,1,0.95,0.9,ppi_pp,xgboost,19,535.6981065277419,33.14948628222155,-0.1747754439301636
474,279.5848880986476,333.94757535464237,0.0,376003.6192053308,751448.0686344643,1,0.95,0.9,ratio,xgboost,19,535.6981065277419,33.14948628222155,-0.16278808791548563
475,431.4012147676183,333.94757535464237,373.4287074173641,489.3737221178725,115.94501470050841,0,0.95,0.9,ppi,xgboost,20,546.6192470682853,-21.695858084396832,0.291823168081047
476,409.59475597821165,333.94757535464237,397.09555772014767,422.09395423627564,24.99839651612797,0,0.95,0.9,naive,xgboost,20,546.6192470682853,-21.695858084396832,0.22652411997072963
477,271.3438747160001,333.94757535464237,0.0,573.251731793402,603.8157141548038,1,0.95,0.9,classical,xgboost,20,546.6192470682853,-21.695858084396832,-0.18746565406908264
478,309.1552840003627,333.94757535464237,121.4115150570774,496.89905294364803,375.48753788657064,1,0.95,0.9,ppi_pp,xgboost,20,546.6192470682853,-21.695858084396832,-0.07424006995095257
479,332.4657689866556,333.94757535464237,0.0,585948.4117807917,1171231.8920236102,1,0.95,0.9,ratio,xgboost,20,546.6192470682853,-21.695858084396832,-0.004437242481587589
480,694.7557316032405,333.94757535464237,129.02783090368257,1260.4836323027985,1131.455801399116,1,0.95,0.9,ppi,xgboost,21,558.5964856640588,-299.49026717967047,1.0804335257275957
481,395.49935261325385,333.94757535464237,384.1123903753756,406.8863148511321,22.77392447575653,0,0.95,0.9,naive,xgboost,21,558.5964856640588,-299.49026717967047,0.1843156884527319
482,687.8595897180463,333.94757535464237,0.0,1903.3723178678233,2431.0254562995538,1,0.95,0.9,classical,xgboost,21,558.5964856640588,-299.49026717967047,1.0597831530519721
483,694.7557316032405,333.94757535464237,129.02783090368257,1260.4836323027985,1131.455801399116,1,0.95,0.9,ppi_pp,xgboost,21,558.5964856640588,-299.49026717967047,1.0804335257275957
484,749.7192990972239,333.94757535464237,0.0,9493280.680906493,18985061.923214793,1,0.95,0.9,ratio,xgboost,21,558.5964856640588,-299.49026717967047,1.2450209386938784
485,452.870308640037,333.94757535464237,334.85658536067155,570.8840319194026,236.02744655873101,0,0.95,0.9,ppi,xgboost,22,537.8317231925848,-47.734598844398064,0.35611198302339
486,405.07974316123403,333.94757535464237,392.79332962765346,417.3661566948146,24.572827067161143,0,0.95,0.9,naive,xgboost,22,537.8317231925848,-47.734598844398064,0.21300399540572026
487,335.12145015512806,333.94757535464237,48.09387408850358,622.1490262217526,574.0551521332491,1,0.95,0.9,classical,xgboost,22,537.8317231925848,-47.734598844398064,0.003515146948556436
488,352.7835692908466,333.94757535464237,149.07933871504514,556.487799866648,407.4084611516028,1,0.95,0.9,ppi_pp,xgboost,22,537.8317231925848,-47.734598844398064,0.05640404460550714
489,349.73377895206244,333.94757535464237,0.0,529659.217235933,1058618.966913962,1,0.95,0.9,ratio,xgboost,22,537.8317231925848,-47.734598844398064,0.04727150236277533
490,444.3159850488569,333.94757535464237,343.3761214297092,545.2558486680045,201.87972723829535,0,0.95,0.9,ppi,xgboost,23,469.92729941157245,-44.86174870831621,0.33049621509306226
491,399.4772370043891,333.94757535464237,387.7541998168982,411.20027419188,23.446074374981777,0,0.95,0.9,naive,xgboost,23,469.92729941157245,-44.86174870831621,0.19622739162024516
492,428.2280668149675,333.94757535464237,42.45735496808135,813.9987786618537,771.5414236937725,1,0.95,0.9,classical,xgboost,23,469.92729941157245,-44.86174870831621,0.2823212336852636
493,435.9145971423127,333.94757535464237,261.73164773697636,610.097546547649,348.36589881067266,1,0.95,0.9,ppi_pp,xgboost,23,469.92729941157245,-44.86174870831621,0.3053384103160036
494,415.923660401374,333.94757535464237,0.0,956557.5137988772,1912283.1802769518,1,0.95,0.9,ratio,xgboost,23,469.92729941157245,-44.86174870831621,0.2454759102822515
495,388.31674437928643,333.94757535464237,158.00543607732786,618.628052681245,460.6226166039171,1,0.95,0.9,ppi,xgboost,24,550.7757980784318,8.844329853300792,0.16280749745496917
496,397.21165513162623,333.94757535464237,385.3811438863294,409.04216637692303,23.66102249059361,0,0.95,0.9,naive,xgboost,24,550.7757980784318,8.844329853300792,0.18944314750541097
497,460.43777893042113,333.94757535464237,0.0,932.1669228023682,943.4582877438941,1,0.95,0.9,classical,xgboost,24,550.7757980784318,8.844329853300792,0.3787726365177227
498,420.65024389486075,333.94757535464237,172.89445360247456,668.406034187247,495.51158058477245,1,0.95,0.9,ppi_pp,xgboost,24,550.7757980784318,8.844329853300792,0.25962957942767734
499,419.7938726948508,333.94757535464237,0.0,1430136.965516593,2859434.3432877962,1,0.95,0.9,ratio,xgboost,24,550.7757980784318,8.844329853300792,0.25706519129250216
